timestamp_ms,usr%,nice%,sys%,iowait%,irq%,soft%,steal%,idle%
1747111347552,7.1,0.0,12.2,0.0,0.0,0.2,80.5
1747111349564,7.1,0.0,14.1,0.0,0.0,0.3,78.5
1747111351576,7.2,0.0,12.7,0.0,0.0,0.1,80.1
1747111353587,6.4,0.0,12.8,0.0,0.0,0.4,80.4
1747111355597,7.0,0.0,12.2,0.0,0.0,0.2,80.6
1747111357609,7.2,0.0,12.0,0.0,0.0,0.2,80.5
1747111359620,7.0,0.0,12.1,0.0,0.0,0.4,80.5
1747111361630,7.0,0.0,12.3,0.0,0.0,0.4,80.3
1747111363640,6.7,0.0,12.8,0.0,0.0,0.4,80.1
1747111365652,6.9,0.0,12.8,0.0,0.0,0.2,80.1
1747111367664,6.6,0.0,14.4,0.0,0.0,0.3,78.7
1747111369676,6.5,0.0,15.1,0.0,0.0,0.1,78.3
1747111371689,6.9,0.0,12.5,0.0,0.0,0.5,80.1
1747111373700,7.0,0.0,11.8,0.0,0.0,0.6,80.5
1747111375709,6.6,0.0,13.5,0.0,0.0,0.3,79.6
1747111377719,7.1,0.0,12.6,0.0,0.0,0.7,79.6
1747111379728,6.6,0.0,12.7,0.0,0.0,0.4,80.2
1747111381736,6.3,0.0,13.1,0.0,0.0,0.4,80.2
1747111383746,7.0,0.0,14.6,0.0,0.0,0.4,78.0
1747111385757,7.1,0.0,13.5,0.0,0.0,0.4,79.0
1747111387765,6.4,0.0,12.0,0.0,0.0,0.2,81.4
1747111389776,6.9,0.0,12.0,0.0,0.0,0.2,81.0
1747111391788,7.2,0.0,12.8,0.0,0.0,0.3,79.7
1747111393801,7.4,0.0,11.6,0.0,0.0,0.2,80.7
1747111395813,7.3,0.0,12.0,0.0,0.0,0.3,80.3
1747111397824,6.9,0.0,13.4,0.0,0.0,0.3,79.4
1747111399834,6.6,0.0,13.7,0.0,0.0,0.4,79.3
1747111401846,6.8,0.0,12.9,0.0,0.0,0.5,79.8
1747111403857,6.8,0.0,14.1,0.0,0.0,0.2,78.9
1747111405870,6.4,0.0,12.8,0.0,0.0,0.2,80.6
1747111407882,7.0,0.0,12.6,0.0,0.0,0.2,80.2
1747111409894,7.3,0.0,14.4,0.0,0.0,0.3,78.0
1747111411905,7.0,0.0,13.3,0.0,0.0,0.5,79.2
1747111413916,6.3,0.0,13.6,0.0,0.0,0.3,79.7
1747111415925,6.9,0.0,17.0,0.0,0.0,0.1,76.0
1747111417936,6.8,0.0,12.4,0.0,0.0,0.3,80.6
1747111419948,7.1,0.0,12.5,0.0,0.0,0.4,80.0
1747111421959,7.2,0.0,18.5,0.0,0.0,0.6,73.8
1747111423971,7.2,0.0,11.9,0.0,0.0,0.6,80.3
1747111425983,7.3,0.0,12.6,0.0,0.0,0.3,79.7
1747111427995,7.2,0.0,15.3,0.0,0.0,0.2,77.2
1747111430006,7.2,0.0,17.2,0.0,0.0,0.4,75.1
1747111432017,7.2,0.0,12.5,0.0,0.0,0.2,80.1
1747111434026,6.7,0.0,15.0,0.0,0.0,0.2,78.1
1747111436037,6.7,0.0,13.0,0.0,0.0,0.4,79.9
1747111438046,6.6,0.0,12.1,0.0,0.0,0.2,81.2
1747111440056,7.5,0.0,16.6,0.0,0.0,0.3,75.6
1747111442066,6.6,0.0,13.0,0.0,0.0,0.2,80.2
1747111444076,6.3,0.0,14.6,0.0,0.0,0.6,78.5
1747111446088,7.0,0.0,12.3,0.0,0.0,0.2,80.5
1747111448100,7.4,0.0,12.7,0.0,0.0,0.3,79.5
1747111450112,7.1,0.0,13.1,0.0,0.0,0.2,79.6
1747111452125,7.5,0.0,12.7,0.0,0.0,0.7,79.1
1747111454140,7.1,0.0,15.5,0.0,0.0,0.2,77.0
1747111456152,7.1,0.0,12.6,0.0,0.0,0.4,79.9
1747111458164,7.1,0.0,14.6,0.0,0.0,0.2,78.2
1747111460177,7.0,0.0,13.4,0.0,0.0,0.5,79.1
1747111462190,7.8,0.0,14.7,0.0,0.0,0.2,77.3
1747111464203,7.5,0.0,16.4,0.0,0.0,0.3,75.8
1747111466216,7.3,0.0,15.6,0.0,0.0,0.5,76.6
1747111468229,7.2,0.0,13.1,0.0,0.0,0.4,79.3
1747111470240,7.2,0.0,13.1,0.0,0.0,0.2,79.5
1747111472249,6.8,0.0,13.6,0.0,0.0,0.4,79.2
1747111474260,7.1,0.0,13.7,0.0,0.0,0.0,79.2
1747111476273,7.2,0.0,13.5,0.0,0.0,0.4,78.9
1747111478285,7.6,0.0,15.3,0.0,0.0,0.2,76.9
1747111480297,6.7,0.0,14.3,0.0,0.0,0.6,78.4
1747111482309,7.5,0.0,16.4,0.0,0.0,0.2,75.9
1747111484321,7.1,0.0,13.0,0.0,0.0,0.3,79.5
1747111486331,6.3,0.0,12.7,0.0,0.0,0.3,80.7
1747111488339,6.5,0.0,12.7,0.0,0.0,0.4,80.3
1747111490347,6.7,0.0,14.2,0.0,0.0,0.2,78.9
1747111492357,7.3,0.0,12.8,0.0,0.0,0.2,79.7
1747111494369,7.0,0.0,12.2,0.0,0.0,0.3,80.4
1747111496377,7.3,0.0,12.5,0.0,0.0,0.1,80.1
1747111498388,7.1,0.0,12.3,0.0,0.0,0.3,80.2
1747111500401,7.0,0.0,11.9,0.0,0.0,0.1,81.0
1747111502410,6.5,0.0,15.4,0.0,0.0,0.2,78.0
1747111504419,6.9,0.0,12.8,0.0,0.0,0.3,80.0
1747111506430,6.6,0.0,13.2,0.0,0.0,0.4,79.8
1747111508443,7.5,0.0,12.5,0.0,0.0,0.3,79.7
1747111510455,7.0,0.0,15.2,0.0,0.0,0.0,77.8
1747111512466,7.7,0.0,11.8,0.0,0.0,0.1,80.4
1747111514477,7.3,0.0,11.9,0.0,0.0,0.3,80.4
1747111516488,6.9,0.0,12.9,0.0,0.0,0.4,79.8
1747111518499,7.1,0.0,13.8,0.0,0.0,0.3,78.8
1747111520512,7.0,0.0,13.4,0.0,0.0,0.1,79.4
1747111522524,6.9,0.0,12.8,0.0,0.0,0.3,80.0
1747111524534,6.5,0.0,11.8,0.0,0.0,0.2,81.5
1747111526544,6.6,0.0,12.9,0.0,0.0,0.2,80.3
1747111528555,7.3,0.0,14.0,0.0,0.0,0.2,78.6
1747111530568,7.1,0.0,13.9,0.0,0.0,0.1,78.9
1747111532580,7.4,0.0,15.2,0.0,0.0,0.5,76.9
1747111534592,7.0,0.0,13.4,0.0,0.0,0.1,79.5
1747111536605,7.1,0.0,13.4,0.0,0.0,0.5,79.0
1747111538617,7.4,0.0,14.2,0.0,0.0,0.3,78.1
1747111540629,7.1,0.0,19.1,0.0,0.0,0.2,73.7
1747111542641,7.3,0.0,13.8,0.0,0.0,0.1,78.8
1747111544652,7.3,0.0,13.8,0.0,0.0,0.2,78.7
1747111546663,7.2,0.0,18.3,0.0,0.0,0.3,74.2
1747111548673,7.3,0.0,13.1,0.0,0.0,0.5,79.1
1747111550683,6.6,0.0,14.3,0.0,0.0,0.2,78.8
1747111552693,6.9,0.0,12.9,0.0,0.0,0.5,79.6
1747111554704,7.2,0.0,12.6,0.0,0.0,0.2,80.0
1747111556713,6.9,0.0,13.2,0.0,0.0,0.1,79.8
1747111558722,6.9,0.0,14.8,0.0,0.0,0.1,78.2
1747111560733,7.2,0.0,13.8,0.0,0.0,0.2,78.8
1747111562742,6.9,0.0,15.0,0.0,0.0,0.2,77.8
1747111564751,7.0,0.0,13.7,0.0,0.0,0.2,79.1
1747111566762,7.2,0.0,12.7,0.0,0.0,0.6,79.5
1747111568775,8.9,0.0,13.6,0.0,0.0,0.1,77.4
1747111570786,8.0,0.0,14.8,0.0,0.0,0.4,76.8
1747111572799,7.0,0.0,13.1,0.0,0.0,0.0,79.9
1747111574812,7.2,0.0,13.8,0.0,0.0,0.6,78.3
1747111576824,7.2,0.0,13.2,0.0,0.0,0.3,79.2
1747111578834,7.1,0.0,12.8,0.0,0.0,0.3,79.8
1747111580847,7.6,0.0,14.3,0.0,0.0,0.2,77.9
1747111582858,6.7,0.0,16.4,0.0,0.0,0.3,76.6
1747111584872,7.9,0.0,15.9,0.0,0.0,0.2,76.1
1747111586884,7.4,0.0,12.7,0.0,0.0,0.1,79.8
1747111588898,7.4,0.0,12.3,0.0,0.0,0.2,80.2
1747111590910,7.4,0.0,13.1,0.0,0.0,0.2,79.3
1747111592923,7.0,0.0,19.2,0.0,0.0,0.1,73.7
1747111594934,7.0,0.0,13.1,0.0,0.0,0.4,79.5
1747111596946,6.9,0.0,12.9,0.0,0.0,0.4,79.8
1747111598958,6.8,0.0,13.7,0.0,0.0,0.3,79.2
1747111600970,7.0,0.0,13.0,0.0,0.0,0.2,79.8
1747111602981,7.1,0.0,13.0,0.0,0.0,0.4,79.5
1747111604993,7.4,0.0,13.2,0.0,0.0,0.2,79.2
1747111607003,7.4,0.0,12.8,0.0,0.0,0.2,79.6
1747111609012,6.1,0.0,14.0,0.0,0.0,0.3,79.5
1747111611022,6.2,0.0,12.1,0.0,0.0,0.2,81.5
1747111613032,6.9,0.0,12.0,0.0,0.0,0.2,80.9
1747111615042,7.0,0.0,12.5,0.0,0.0,0.2,80.2
1747111617051,6.6,0.0,13.6,0.0,0.0,0.4,79.4
1747111619062,7.6,0.0,22.2,0.0,0.0,0.6,69.7
1747111621074,6.5,0.0,13.3,0.0,0.0,0.3,79.8
1747111623084,7.1,0.0,14.0,0.0,0.0,0.5,78.4
1747111625096,7.2,0.0,15.2,0.0,0.0,0.6,77.1
1747111627108,6.9,0.0,11.9,0.0,0.0,0.2,81.0
1747111629120,7.1,0.0,11.5,0.0,0.0,0.5,80.9
1747111631133,7.0,0.0,11.7,0.0,0.0,0.3,81.0
1747111633146,7.0,0.0,11.8,0.0,0.0,0.4,80.8
1747111635158,6.7,0.0,12.3,0.0,0.0,0.3,80.6
1747111637169,6.6,0.0,12.5,0.0,0.0,0.1,80.8
1747111639179,6.7,0.0,11.8,0.0,0.0,0.2,81.3
1747111641191,6.9,0.0,13.2,0.0,0.0,0.3,79.6
1747111643205,6.8,0.0,13.2,0.0,0.0,0.1,79.9
1747111645217,7.1,0.0,13.2,0.0,0.0,0.1,79.5
1747111647231,6.9,0.0,14.4,0.0,0.0,0.2,78.5
1747111649243,6.9,0.0,14.2,0.0,0.0,0.3,78.6
1747111651254,7.1,0.0,16.8,0.0,0.0,0.3,75.7
1747111653266,7.4,0.0,12.2,0.0,0.0,0.5,79.8
1747111655278,7.0,0.0,12.4,0.0,0.0,0.3,80.4
1747111657289,7.1,0.0,13.5,0.0,0.0,0.3,79.2
1747111659301,7.1,0.0,12.2,0.0,0.0,0.3,80.5
1747111661313,6.7,0.0,11.9,0.0,0.0,0.6,80.8
1747111663324,6.8,0.0,14.2,0.0,0.0,0.3,78.7
1747111665334,6.8,0.0,15.4,0.0,0.0,0.3,77.5
1747111667352,6.1,0.0,12.1,0.0,0.0,0.5,81.3
1747111669366,7.0,0.0,11.9,0.0,0.0,0.3,80.8
1747111671377,6.4,0.0,13.4,0.0,0.0,0.3,79.9
1747111673387,6.7,0.0,13.2,0.0,0.0,0.3,79.8
1747111675398,6.5,0.0,14.7,0.0,0.0,0.5,78.3
1747111677411,6.9,0.0,12.9,0.0,0.0,0.2,80.1
1747111679422,7.0,0.0,12.7,0.0,0.0,0.3,80.0
1747111681435,7.2,0.0,12.3,0.0,0.0,0.3,80.2
1747111683446,7.4,0.0,12.8,0.0,0.0,0.3,79.5
1747111685459,6.8,0.0,15.0,0.0,0.0,0.2,78.0
1747111687472,7.2,0.0,12.9,0.0,0.0,0.4,79.5
1747111689484,7.3,0.0,15.1,0.0,0.0,0.2,77.4
1747111691496,7.4,0.0,16.3,0.0,0.0,0.3,76.0
1747111693506,6.5,0.0,13.2,0.0,0.0,0.2,80.1
1747111695517,7.0,0.0,13.9,0.0,0.0,0.3,78.8
1747111697529,6.8,0.0,13.1,0.0,0.0,0.3,79.8
1747111699542,7.0,0.0,13.1,0.0,0.0,0.1,79.8
1747111701554,6.8,0.0,12.6,0.0,0.0,0.2,80.4
1747111703566,7.3,0.0,12.2,0.0,0.0,0.3,80.2
1747111705578,6.9,0.0,12.7,0.0,0.0,0.6,79.8
1747111707590,7.0,0.0,12.2,0.0,0.0,0.2,80.6
1747111709602,7.2,0.0,12.1,0.0,0.0,0.4,80.4
1747111711614,6.9,0.0,13.5,0.0,0.0,0.4,79.2
1747111713626,7.2,0.0,12.4,0.0,0.0,0.1,80.3
1747111715638,7.1,0.0,11.7,0.0,0.0,0.4,80.8
1747111717649,7.0,0.0,11.9,0.0,0.0,0.2,80.8
1747111719661,7.2,0.0,12.7,0.0,0.0,0.2,79.9
1747111721671,6.7,0.0,13.6,0.0,0.0,0.4,79.3
1747111723682,7.2,0.0,12.0,0.0,0.0,0.4,80.5
1747111725691,7.3,0.0,11.7,0.0,0.0,0.2,80.7
1747111727700,6.6,0.0,12.3,0.0,0.0,0.4,80.7
1747111729709,6.2,0.0,12.1,0.0,0.0,0.3,81.4
1747111731720,6.5,0.0,12.4,0.0,0.0,0.4,80.7
1747111733730,6.7,0.0,11.6,0.0,0.0,0.1,81.6
1747111735741,6.8,0.0,12.9,0.0,0.0,0.2,80.1
1747111737750,6.6,0.0,14.2,0.0,0.0,0.3,78.8
1747111739762,6.8,0.0,14.3,0.0,0.0,0.2,78.7
1747111741774,7.0,0.0,14.2,0.0,0.0,0.3,78.5
1747111743786,6.9,0.0,12.6,0.0,0.0,0.1,80.4
1747111745798,7.0,0.0,15.4,0.0,0.0,0.2,77.5
1747111747809,6.8,0.0,13.7,0.0,0.0,0.3,79.2
1747111749820,6.8,0.0,13.8,0.0,0.0,0.2,79.1
1747111751830,6.4,0.0,13.6,0.0,0.0,0.2,79.7
1747111753844,7.0,0.0,12.4,0.0,0.0,0.3,80.3
1747111755857,7.0,0.0,12.7,0.0,0.0,0.1,80.1
1747111757870,6.4,0.0,13.2,0.0,0.0,0.2,80.1
1747111759882,6.8,0.0,12.4,0.0,0.0,0.2,80.6
1747111761895,7.0,0.0,14.8,0.0,0.0,0.2,78.0
1747111763908,7.1,0.0,13.0,0.0,0.0,0.2,79.7
1747111765921,6.5,0.0,12.5,0.0,0.0,0.3,80.6
1747111767933,6.9,0.0,13.7,0.0,0.0,0.4,79.0
1747111769945,6.9,0.0,12.9,0.0,0.0,0.4,79.7
1747111771957,6.6,0.0,12.7,0.0,0.0,0.4,80.3
1747111773969,6.6,0.0,12.9,0.0,0.0,0.2,80.3
1747111775982,6.8,0.0,14.6,0.0,0.0,0.4,78.3
1747111777994,6.8,0.0,15.3,0.0,0.0,0.3,77.6
1747111780006,6.6,0.0,14.6,0.0,0.0,0.3,78.4
1747111782015,6.8,0.0,13.3,0.0,0.0,0.3,79.5
1747111784026,6.5,0.0,13.7,0.0,0.0,0.5,79.3
1747111786036,6.2,0.0,13.5,0.0,0.0,0.4,79.9
1747111788046,6.2,0.0,12.4,0.0,0.0,0.2,81.2
1747111790056,6.2,0.0,13.8,0.0,0.0,0.3,79.7
1747111792067,6.4,0.0,11.7,0.0,0.0,0.6,81.3
1747111794076,6.9,0.0,11.7,0.0,0.0,0.5,80.9
1747111796089,6.5,0.0,16.2,0.0,0.0,0.5,76.9
1747111798101,6.6,0.0,13.7,0.0,0.0,0.4,79.2
1747111800113,6.9,0.0,12.4,0.0,0.0,0.5,80.2
1747111802126,6.7,0.0,14.0,0.0,0.0,0.4,79.0
1747111804139,7.0,0.0,15.5,0.0,0.0,0.2,77.2
1747111806151,7.0,0.0,13.4,0.0,0.0,0.2,79.4
1747111808161,6.8,0.0,12.8,0.0,0.0,0.4,80.0
1747111810173,6.8,0.0,13.6,0.0,0.0,0.3,79.3
1747111812187,7.0,0.0,13.8,0.0,0.0,0.2,79.0
1747111814198,6.9,0.0,14.5,0.0,0.0,0.3,78.3
1747111816211,7.5,0.0,13.8,0.0,0.0,0.2,78.4
1747111818223,7.0,0.0,13.8,0.0,0.0,0.3,78.9
1747111820236,7.2,0.0,14.2,0.0,0.0,0.2,78.5
1747111822248,7.3,0.0,13.2,0.0,0.0,0.1,79.3
1747111824260,7.1,0.0,12.3,0.0,0.0,0.2,80.4
1747111826272,6.6,0.0,14.3,0.0,0.0,0.1,78.9
1747111828283,6.8,0.0,15.2,0.0,0.0,0.3,77.7
1747111830294,6.6,0.0,16.3,0.0,0.0,0.2,76.9
1747111832303,6.8,0.0,12.8,0.0,0.0,0.3,80.1
1747111834315,6.6,0.0,12.7,0.0,0.0,0.3,80.4
1747111836326,7.0,0.0,11.9,0.0,0.0,0.4,80.8
1747111838339,6.9,0.0,16.1,0.0,0.0,0.3,76.7
1747111840348,6.4,0.0,12.1,0.0,0.0,0.5,81.0
1747111842362,7.0,0.0,13.3,0.0,0.0,0.2,79.5
1747111844379,6.2,0.0,13.8,0.0,0.0,0.3,79.6
1747111846412,6.4,0.0,14.1,0.0,0.0,0.2,79.2
1747111848422,6.0,0.0,11.9,0.0,0.0,0.2,81.9
1747111850434,6.4,0.0,14.5,0.0,0.0,0.4,78.6
1747111852445,7.3,0.0,11.8,0.0,0.0,0.3,80.6
1747111854457,7.1,0.0,12.4,0.0,0.0,0.2,80.3
1747111856471,6.6,0.0,12.9,0.0,0.0,0.4,80.1
1747111858483,7.3,0.0,12.8,0.0,0.0,0.3,79.6
1747111860494,6.8,0.0,13.3,0.0,0.0,0.3,79.7
1747111862506,7.0,0.0,16.4,0.0,0.0,0.3,76.3
1747111864518,7.0,0.0,13.1,0.0,0.0,0.3,79.6
1747111866529,6.6,0.0,12.4,0.0,0.0,0.3,80.7
1747111868538,6.2,0.0,12.5,0.0,0.0,0.2,81.1
1747111870549,6.6,0.0,16.7,0.0,0.0,0.2,76.4
1747111872561,7.2,0.0,13.3,0.0,0.0,0.4,79.1
1747111874572,6.9,0.0,12.2,0.0,0.0,0.5,80.4
1747111876583,6.7,0.0,11.7,0.0,0.0,0.3,81.2
1747111878595,6.6,0.0,12.1,0.0,0.0,0.3,81.0
1747111880606,6.4,0.0,13.0,0.0,0.0,0.5,80.1
1747111882618,6.7,0.0,13.8,0.0,0.0,0.5,79.0
1747111884629,7.1,0.0,13.0,0.0,0.0,0.1,79.8
1747111886641,7.2,0.0,12.7,0.0,0.0,0.4,79.7
1747111888652,6.9,0.0,13.3,0.0,0.0,0.2,79.6
1747111890664,6.8,0.0,16.0,0.0,0.0,0.0,77.2
1747111892674,6.4,0.0,14.2,0.0,0.0,0.3,79.1
1747111894684,6.6,0.0,14.9,0.0,0.0,0.2,78.4
1747111896694,6.3,0.0,15.6,0.0,0.0,0.4,77.7
1747111898706,6.7,0.0,12.6,0.0,0.0,0.3,80.5
1747111900715,6.7,0.0,13.3,0.0,0.0,0.4,79.7
1747111902725,6.0,0.0,13.0,0.0,0.0,0.3,80.6
1747111904738,6.8,0.0,14.1,0.0,0.0,0.3,78.8
1747111906751,6.6,0.0,14.2,0.0,0.0,0.3,79.0
1747111908763,6.4,0.0,12.3,0.0,0.0,0.2,81.1
1747111910775,7.1,0.0,12.5,0.0,0.0,0.3,80.1
1747111912787,7.1,0.0,12.1,0.0,0.0,0.6,80.2
1747111914797,6.7,0.0,15.3,0.0,0.0,0.3,77.7
1747111916809,7.0,0.0,15.4,0.0,0.0,0.3,77.3
1747111918821,7.0,0.0,13.8,0.0,0.0,0.3,78.8
1747111920833,6.8,0.0,13.8,0.0,0.0,0.4,79.0
1747111922845,6.6,0.0,12.4,0.0,0.0,0.2,80.7
1747111924857,6.6,0.0,13.5,0.0,0.0,0.3,79.5
1747111926872,6.5,0.0,12.8,0.0,0.0,0.1,80.6
1747111928884,6.5,0.0,14.1,0.0,0.0,0.5,78.9
1747111930896,6.4,0.0,12.3,0.0,0.0,0.3,81.0
1747111932911,6.6,0.0,13.7,0.0,0.0,0.3,79.3
1747111934924,6.9,0.0,12.1,0.0,0.0,0.2,80.8
1747111936936,6.4,0.0,12.2,0.0,0.0,0.3,81.0
1747111938949,6.7,0.0,12.5,0.0,0.0,0.4,80.4
1747111940960,6.2,0.0,12.3,0.0,0.0,0.4,81.0
1747111942972,6.3,0.0,17.2,0.0,0.0,0.4,76.0
1747111944984,6.6,0.0,13.7,0.0,0.0,0.4,79.3
1747111946995,6.5,0.0,13.3,0.0,0.0,0.4,79.8
1747111949007,7.3,0.0,15.9,0.0,0.0,0.2,76.5
1747111951017,7.1,0.0,14.2,0.0,0.0,0.5,78.2
1747111953026,6.3,0.0,15.1,0.0,0.0,0.6,78.0
1747111955035,6.2,0.0,13.2,0.0,0.0,0.4,80.1
1747111957044,6.9,0.0,15.9,0.0,0.0,0.3,76.8
1747111959054,6.3,0.0,12.7,0.0,0.0,0.3,80.7
1747111961065,6.5,0.0,18.7,0.0,0.0,0.3,74.5
1747111963076,7.1,0.0,13.1,0.0,0.0,0.2,79.5
1747111965087,6.9,0.0,14.8,0.0,0.0,0.3,78.0
1747111967099,6.6,0.0,12.8,0.0,0.0,0.4,80.2
1747111969111,7.2,0.0,11.6,0.0,0.0,0.3,80.8
1747111971123,7.0,0.0,11.6,0.0,0.0,0.5,80.9
1747111973135,7.1,0.0,14.2,0.0,0.0,0.4,78.3
1747111975148,6.1,0.0,14.4,0.0,0.0,0.3,79.2
1747111977160,6.7,0.0,12.3,0.0,0.0,0.2,80.9
1747111979173,6.5,0.0,12.8,0.0,0.0,0.2,80.5
1747111981184,7.2,0.0,11.8,0.0,0.0,0.3,80.7
1747111983195,6.0,0.0,15.4,0.0,0.0,0.3,78.2
1747111985209,6.9,0.0,14.7,0.0,0.0,0.6,77.9
1747111987222,7.1,0.0,15.3,0.0,0.0,0.4,77.1
1747111989235,6.5,0.0,13.9,0.0,0.0,0.4,79.1
1747111991247,6.5,0.0,13.7,0.0,0.0,0.6,79.2
1747111993260,6.8,0.0,12.5,0.0,0.0,0.1,80.6
1747111995272,7.4,0.0,12.6,0.0,0.0,0.5,79.5
1747111997286,6.4,0.0,14.2,0.0,0.0,0.5,78.9
1747111999297,6.8,0.0,13.7,0.0,0.0,0.4,79.2
1747112001309,6.7,0.0,17.3,0.0,0.0,0.6,75.4
1747112003320,5.8,0.0,15.2,0.0,0.0,0.4,78.6
1747112005330,6.3,0.0,12.2,0.0,0.0,0.3,81.2
1747112007341,6.7,0.0,13.1,0.0,0.0,0.3,79.8
1747112009353,6.4,0.0,14.8,0.0,0.0,0.4,78.3
1747112011362,6.9,0.0,13.2,0.0,0.0,0.5,79.4
1747112013375,6.6,0.0,11.6,0.0,0.0,0.2,81.6
1747112015384,6.4,0.0,12.2,0.0,0.0,0.4,81.0
1747112017395,6.3,0.0,13.0,0.0,0.0,0.2,80.5
1747112019407,6.7,0.0,13.3,0.0,0.0,0.4,79.7
1747112021419,6.5,0.0,12.5,0.0,0.0,0.2,80.8
1747112023431,6.6,0.0,12.8,0.0,0.0,0.3,80.2
1747112025443,6.7,0.0,13.1,0.0,0.0,0.4,79.9
1747112027454,7.0,0.0,12.5,0.0,0.0,0.4,80.2
1747112029467,7.1,0.0,12.3,0.0,0.0,0.3,80.3
1747112031479,6.7,0.0,12.5,0.0,0.0,0.3,80.4
1747112033491,7.1,0.0,12.5,0.0,0.0,0.5,80.0
1747112035502,6.7,0.0,13.1,0.0,0.0,0.2,80.1
1747112037511,6.5,0.0,12.0,0.0,0.0,0.3,81.2
1747112039522,6.5,0.0,13.5,0.0,0.0,0.2,79.8
1747112041535,7.0,0.0,12.8,0.0,0.0,0.4,79.7
1747112043546,6.6,0.0,12.8,0.0,0.0,0.2,80.4
1747112045558,6.9,0.0,14.3,0.0,0.0,0.3,78.5
1747112047570,6.9,0.0,13.1,0.0,0.0,0.4,79.6
1747112049583,6.3,0.0,14.5,0.0,0.0,0.5,78.6
1747112051595,6.8,0.0,12.9,0.0,0.0,0.5,79.8
1747112053608,6.5,0.0,14.3,0.0,0.0,0.4,78.8
1747112055620,6.9,0.0,13.3,0.0,0.0,0.4,79.4
1747112057633,6.8,0.0,13.7,0.0,0.0,0.4,79.1
1747112059643,6.6,0.0,12.8,0.0,0.0,0.5,80.2
1747112061651,6.5,0.0,13.5,0.0,0.0,0.5,79.5
1747112063662,6.8,0.0,12.7,0.0,0.0,0.4,80.1
1747112065671,6.2,0.0,13.1,0.0,0.0,0.3,80.4
1747112067684,6.2,0.0,20.4,0.0,0.0,0.3,73.2
1747112069698,6.5,0.0,13.7,0.0,0.0,0.3,79.5
1747112071708,6.9,0.0,14.5,0.0,0.0,0.2,78.4
1747112073717,6.9,0.0,13.5,0.0,0.0,0.2,79.3
1747112075728,6.9,0.0,11.8,0.0,0.0,0.2,81.1
1747112077742,7.0,0.0,12.1,0.0,0.0,0.3,80.7
1747112079754,7.1,0.0,11.9,0.0,0.0,0.1,80.8
1747112081766,6.8,0.0,13.9,0.0,0.0,0.3,79.0
1747112083779,7.2,0.0,13.5,0.0,0.0,0.3,79.0
1747112085792,6.8,0.0,14.0,0.0,0.0,0.3,78.9
1747112087804,7.3,0.0,12.6,0.0,0.0,0.1,79.9
1747112089815,7.0,0.0,13.1,0.0,0.0,0.1,79.8
1747112091827,6.8,0.0,13.2,0.0,0.0,0.2,79.8
1747112093838,7.1,0.0,13.7,0.0,0.0,0.3,79.0
1747112095848,6.9,0.0,12.0,0.0,0.0,0.4,80.6
1747112097861,6.4,0.0,11.9,0.0,0.0,0.3,81.3
1747112099876,6.9,0.0,12.0,0.0,0.0,0.3,80.8
1747112101887,6.7,0.0,13.4,0.0,0.0,0.3,79.6
1747112103899,7.2,0.0,12.9,0.0,0.0,0.1,79.8
1747112105911,6.5,0.0,14.4,0.0,0.0,0.1,78.9
1747112107923,7.2,0.0,12.3,0.0,0.0,0.2,80.3
1747112109933,6.4,0.0,12.2,0.0,0.0,0.3,81.1
1747112111946,6.6,0.0,12.4,0.0,0.0,0.3,80.7
1747112113958,6.8,0.0,12.9,0.0,0.0,0.3,80.0
1747112115969,7.1,0.0,13.8,0.0,0.0,0.4,78.8
1747112117980,7.4,0.0,12.2,0.0,0.0,0.2,80.2
1747112119991,6.5,0.0,13.1,0.0,0.0,0.2,80.3
1747112122000,6.5,0.0,13.4,0.0,0.0,0.1,80.1
1747112124010,6.8,0.0,12.6,0.0,0.0,0.2,80.4
1747112126022,6.4,0.0,12.6,0.0,0.0,0.3,80.7
1747112128034,6.8,0.0,12.4,0.0,0.0,0.1,80.6
1747112130045,6.7,0.0,14.8,0.0,0.0,0.2,78.3
1747112132053,6.6,0.0,12.9,0.0,0.0,0.4,80.2
1747112134064,6.1,0.0,12.5,0.0,0.0,0.4,81.0
1747112136076,6.7,0.0,13.7,0.0,0.0,0.3,79.3
1747112138088,6.7,0.0,13.2,0.0,0.0,0.2,79.8
1747112140099,7.2,0.0,13.2,0.0,0.0,0.3,79.2
1747112142111,7.2,0.0,12.0,0.0,0.0,0.1,80.7
1747112144123,7.4,0.0,12.7,0.0,0.0,0.3,79.5
1747112146134,7.0,0.0,15.9,0.0,0.0,0.3,76.8
1747112148145,6.8,0.0,14.1,0.0,0.0,0.3,78.7
1747112150156,6.5,0.0,11.8,0.0,0.0,0.5,81.1
1747112152168,6.4,0.0,12.9,0.0,0.0,0.2,80.5
1747112154180,6.9,0.0,12.6,0.0,0.0,0.1,80.4
1747112156194,6.8,0.0,13.6,0.0,0.0,0.2,79.4
1747112158206,7.0,0.0,16.3,0.0,0.0,0.2,76.5
1747112160218,6.6,0.0,15.3,0.0,0.0,0.2,77.8
1747112162229,7.2,0.0,12.7,0.0,0.0,0.2,79.9
1747112164239,6.6,0.0,12.5,0.0,0.0,0.2,80.7
1747112166252,6.9,0.0,12.6,0.0,0.0,0.2,80.3
1747112168266,6.7,0.0,12.6,0.0,0.0,0.2,80.5
1747112170277,6.9,0.0,12.9,0.0,0.0,0.3,79.9
1747112172288,6.9,0.0,12.7,0.0,0.0,0.2,80.2
1747112174301,7.0,0.0,13.8,0.0,0.0,0.2,79.1
1747112176311,6.9,0.0,12.9,0.0,0.0,0.2,80.0
1747112178323,6.7,0.0,13.6,0.0,0.0,0.2,79.5
1747112180334,7.0,0.0,15.4,0.0,0.0,0.3,77.3
1747112182344,7.1,0.0,12.9,0.0,0.0,0.1,79.9
1747112184354,6.8,0.0,12.6,0.0,0.0,0.2,80.5
1747112186365,7.1,0.0,12.4,0.0,0.0,0.3,80.2
1747112188378,6.4,0.0,12.8,0.0,0.0,0.1,80.7
1747112190389,6.6,0.0,12.4,0.0,0.0,0.2,80.9
1747112192402,7.4,0.0,11.3,0.0,0.0,0.1,81.2
1747112194415,6.6,0.0,12.2,0.0,0.0,0.2,81.0
1747112196427,6.7,0.0,13.0,0.0,0.0,0.3,80.0
1747112198439,6.7,0.0,12.4,0.0,0.0,0.2,80.8
1747112200452,7.2,0.0,14.8,0.0,0.0,0.2,77.8
1747112202464,6.7,0.0,13.9,0.0,0.0,0.0,79.3
1747112204476,7.3,0.0,12.6,0.0,0.0,0.2,79.9
1747112206489,7.1,0.0,12.1,0.0,0.0,0.1,80.8
1747112208501,7.0,0.0,11.5,0.0,0.0,0.2,81.3
1747112210512,7.0,0.0,12.9,0.0,0.0,0.2,79.8
1747112212523,7.4,0.0,13.5,0.0,0.0,0.1,79.0
1747112214535,7.0,0.0,12.8,0.0,0.0,0.3,80.0
1747112216547,7.2,0.0,12.4,0.0,0.0,0.2,80.3
1747112218559,6.8,0.0,12.9,0.0,0.0,0.3,80.0
1747112220571,6.8,0.0,14.6,0.0,0.0,0.2,78.4
1747112222581,5.9,0.0,13.2,0.0,0.0,0.2,80.6
1747112224593,6.8,0.0,12.4,0.0,0.0,0.3,80.5
1747112226604,6.8,0.0,13.0,0.0,0.0,0.2,80.0
1747112228616,7.0,0.0,11.7,0.0,0.0,0.2,81.1
1747112230628,7.1,0.0,14.4,0.0,0.0,0.4,78.1
1747112232639,6.6,0.0,12.6,0.0,0.0,0.2,80.5
1747112234650,6.6,0.0,12.1,0.0,0.0,0.2,81.1
1747112236663,6.5,0.0,13.9,0.0,0.0,0.2,79.4
1747112238674,7.1,0.0,13.7,0.0,0.0,0.2,79.0
1747112240684,6.4,0.0,12.9,0.0,0.0,0.1,80.5
1747112242694,6.7,0.0,12.4,0.0,0.0,0.2,80.7
1747112244701,7.2,0.0,12.4,0.0,0.0,0.2,80.2
1747112246709,6.3,0.0,15.4,0.0,0.0,0.2,78.1
1747112248720,6.0,0.0,12.2,0.0,0.0,0.3,81.5
1747112250731,6.4,0.0,13.4,0.0,0.0,0.5,79.8
1747112252744,6.7,0.0,13.6,0.0,0.0,0.2,79.5
1747112254757,6.9,0.0,13.2,0.0,0.0,0.3,79.6
1747112256769,6.8,0.0,15.4,0.0,0.0,0.1,77.7
1747112258780,6.4,0.0,12.3,0.0,0.0,0.2,81.0
1747112260790,7.0,0.0,12.2,0.0,0.0,0.3,80.5
1747112262802,6.8,0.0,13.5,0.0,0.0,0.1,79.6
1747112264814,6.9,0.0,12.1,0.0,0.0,0.3,80.7
1747112266826,6.9,0.0,18.7,0.0,0.0,0.2,74.3
1747112268839,7.4,0.0,12.2,0.0,0.0,0.1,80.3
1747112270850,6.8,0.0,12.4,0.0,0.0,0.1,80.7
1747112272862,7.2,0.0,12.3,0.0,0.0,0.3,80.2
1747112274874,6.9,0.0,13.0,0.0,0.0,0.1,80.0
1747112276885,6.3,0.0,13.0,0.0,0.0,0.2,80.5
1747112278897,6.9,0.0,12.6,0.0,0.0,0.3,80.2
1747112280908,6.4,0.0,12.6,0.0,0.0,0.2,80.7
1747112282917,6.6,0.0,12.0,0.0,0.0,0.3,81.1
1747112284926,7.2,0.0,12.1,0.0,0.0,0.3,80.4
1747112286935,6.7,0.0,12.9,0.0,0.0,0.4,79.9
1747112288944,6.2,0.0,12.1,0.0,0.0,0.3,81.4
1747112290959,6.2,0.0,14.3,0.0,0.0,0.5,79.1
1747112292974,7.1,0.0,16.8,0.0,0.0,0.2,76.0
1747112294987,6.6,0.0,13.0,0.0,0.0,0.3,80.1
1747112296999,7.1,0.0,11.7,0.0,0.0,0.4,80.7
1747112299009,6.5,0.0,13.0,0.0,0.0,0.4,80.2
1747112301018,6.5,0.0,12.5,0.0,0.0,0.3,80.6
1747112303028,6.9,0.0,12.0,0.0,0.0,0.4,80.6
1747112305038,6.5,0.0,14.6,0.0,0.0,0.2,78.7
1747112307047,6.6,0.0,14.0,0.0,0.0,0.5,78.9
1747112309059,6.8,0.0,12.4,0.0,0.0,0.3,80.5
1747112311071,6.4,0.0,12.5,0.0,0.0,0.3,80.8
1747112313083,6.4,0.0,15.2,0.0,0.0,0.3,78.1
1747112315094,6.3,0.0,12.5,0.0,0.0,0.3,80.8
1747112317104,7.0,0.0,12.5,0.0,0.0,0.2,80.3
1747112319117,6.5,0.0,14.6,0.0,0.0,0.2,78.6
1747112321129,6.8,0.0,12.6,0.0,0.0,0.2,80.4
1747112323140,6.3,0.0,12.3,0.0,0.0,0.3,81.0
1747112325152,6.5,0.0,14.0,0.0,0.0,0.4,79.1
1747112327164,7.2,0.0,11.9,0.0,0.0,0.3,80.5
1747112329176,6.9,0.0,12.1,0.0,0.0,0.1,80.8
1747112331188,6.6,0.0,14.6,0.0,0.0,0.3,78.4
1747112333199,6.5,0.0,14.3,0.0,0.0,0.4,78.8
1747112335211,7.3,0.0,12.0,0.0,0.0,0.3,80.3
1747112337222,6.7,0.0,12.7,0.0,0.0,0.3,80.3
1747112339233,6.7,0.0,12.9,0.0,0.0,0.2,80.2
1747112341244,6.7,0.0,14.5,0.0,0.0,0.2,78.6
1747112343255,6.3,0.0,12.8,0.0,0.0,0.3,80.6
1747112345264,5.8,0.0,13.6,0.0,0.0,0.2,80.3
1747112347277,6.5,0.0,15.8,0.0,0.0,0.2,77.5
1747112349289,6.6,0.0,14.2,0.0,0.0,0.4,78.8
1747112351302,6.6,0.0,13.8,0.0,0.0,0.3,79.3
1747112353314,6.8,0.0,16.5,0.0,0.0,0.4,76.3
1747112355326,6.8,0.0,16.2,0.0,0.0,0.4,76.6
1747112357336,6.7,0.0,13.6,0.0,0.0,0.3,79.3
1747112359344,6.3,0.0,14.8,0.0,0.0,0.3,78.5
1747112361353,6.5,0.0,13.5,0.0,0.0,0.4,79.6
1747112363362,6.2,0.0,11.6,0.0,0.0,0.2,82.0
1747112365373,6.7,0.0,11.4,0.0,0.0,0.3,81.6
1747112367384,6.6,0.0,11.6,0.0,0.0,0.4,81.4
1747112369397,6.8,0.0,12.3,0.0,0.0,0.4,80.4
1747112371409,6.8,0.0,11.7,0.0,0.0,0.4,81.0
1747112373420,6.7,0.0,12.8,0.0,0.0,0.1,80.4
1747112375432,7.2,0.0,12.3,0.0,0.0,0.2,80.3
1747112377444,6.8,0.0,13.2,0.0,0.0,0.2,79.7
1747112379455,6.7,0.0,12.6,0.0,0.0,0.4,80.3
1747112381467,7.1,0.0,16.1,0.0,0.0,0.2,76.5
1747112383478,6.7,0.0,12.8,0.0,0.0,0.5,79.9
1747112385490,6.7,0.0,13.4,0.0,0.0,0.4,79.5
1747112387502,7.0,0.0,13.7,0.0,0.0,0.3,79.0
1747112389514,6.7,0.0,11.6,0.0,0.0,0.3,81.3
1747112391526,6.6,0.0,11.4,0.0,0.0,0.3,81.7
1747112393539,6.6,0.0,12.9,0.0,0.0,0.2,80.3
1747112395552,6.5,0.0,14.4,0.0,0.0,0.4,78.7
1747112397563,6.8,0.0,14.7,0.0,0.0,0.2,78.3
1747112399572,5.9,0.0,13.4,0.0,0.0,0.5,80.1
1747112401585,6.9,0.0,11.9,0.0,0.0,0.5,80.7
1747112403597,7.3,0.0,11.5,0.0,0.0,0.5,80.8
1747112405609,7.4,0.0,15.8,0.0,0.0,0.3,76.5
1747112407620,6.7,0.0,13.7,0.0,0.0,0.3,79.3
1747112409632,6.7,0.0,13.1,0.0,0.0,0.2,79.9
1747112411643,6.6,0.0,14.1,0.0,0.0,0.3,78.9
1747112413652,6.9,0.0,15.0,0.0,0.0,0.2,78.0
1747112415663,6.3,0.0,14.5,0.0,0.0,0.2,79.0
1747112417674,7.0,0.0,13.0,0.0,0.0,0.3,79.7
1747112419684,6.4,0.0,13.3,0.0,0.0,0.3,80.0
1747112421693,6.6,0.0,13.4,0.0,0.0,0.2,79.8
1747112423703,7.0,0.0,11.8,0.0,0.0,0.3,80.9
1747112425715,6.4,0.0,12.8,0.0,0.0,0.1,80.6
1747112427727,7.2,0.0,12.1,0.0,0.0,0.2,80.5
1747112429738,6.7,0.0,15.0,0.0,0.0,0.1,78.2
1747112431750,6.7,0.0,12.8,0.0,0.0,0.2,80.3
1747112433762,7.3,0.0,12.7,0.0,0.0,0.3,79.8
1747112435774,6.5,0.0,12.8,0.0,0.0,0.1,80.6
1747112437786,6.5,0.0,13.5,0.0,0.0,0.3,79.7
1747112439798,6.8,0.0,14.9,0.0,0.0,0.2,78.0
1747112441810,7.0,0.0,15.3,0.0,0.0,0.3,77.4
1747112443822,6.8,0.0,16.1,0.0,0.0,0.5,76.6
1747112445834,6.9,0.0,12.1,0.0,0.0,0.5,80.5
1747112447846,6.9,0.0,12.2,0.0,0.0,0.3,80.5
1747112449858,7.0,0.0,13.2,0.0,0.0,0.5,79.4
1747112451871,7.1,0.0,12.6,0.0,0.0,0.3,80.0
1747112453883,6.4,0.0,13.0,0.0,0.0,0.5,80.2
1747112455895,6.7,0.0,13.0,0.0,0.0,0.4,79.8
1747112457905,6.2,0.0,12.5,0.0,0.0,0.2,81.0
1747112459914,7.1,0.0,14.7,0.0,0.0,0.3,77.8
1747112461926,6.6,0.0,15.0,0.0,0.0,0.4,78.0
1747112463937,6.7,0.0,12.6,0.0,0.0,0.4,80.4
1747112465949,6.8,0.0,15.9,0.0,0.0,0.2,77.0
1747112467961,6.1,0.0,11.9,0.0,0.0,0.2,81.8
1747112469972,6.7,0.0,12.9,0.0,0.0,0.3,80.0
1747112471984,6.8,0.0,14.6,0.0,0.0,0.3,78.4
1747112473993,6.9,0.0,11.2,0.0,0.0,0.2,81.8
1747112476003,6.6,0.0,11.7,0.0,0.0,0.4,81.2
1747112478013,6.4,0.0,12.2,0.0,0.0,0.2,81.2
1747112480022,6.4,0.0,12.1,0.0,0.0,0.1,81.5
1747112482034,7.0,0.0,11.6,0.0,0.0,0.0,81.3
1747112484047,7.0,0.0,12.0,0.0,0.0,0.2,80.8
1747112486058,7.3,0.0,13.7,0.0,0.0,0.4,78.6
1747112488069,6.5,0.0,14.0,0.0,0.0,0.4,79.0
1747112490080,7.1,0.0,12.9,0.0,0.0,0.3,79.7
1747112492092,7.0,0.0,12.2,0.0,0.0,0.3,80.4
1747112494106,6.8,0.0,12.6,0.0,0.0,0.2,80.5
1747112496118,6.8,0.0,13.2,0.0,0.0,0.2,79.8
1747112498130,7.2,0.0,14.7,0.0,0.0,0.4,77.7
1747112500142,6.5,0.0,14.2,0.0,0.0,0.3,79.0
1747112502155,7.0,0.0,15.3,0.0,0.0,0.2,77.5
1747112504167,7.0,0.0,13.0,0.0,0.0,0.4,79.6
1747112506178,6.7,0.0,13.3,0.0,0.0,0.3,79.7
1747112508190,6.7,0.0,11.7,0.0,0.0,0.3,81.3
1747112510202,6.7,0.0,14.9,0.0,0.0,0.4,78.0
1747112512214,6.3,0.0,15.9,0.0,0.0,0.5,77.3
1747112514225,6.8,0.0,12.6,0.0,0.0,0.4,80.2
1747112516236,6.8,0.0,12.9,0.0,0.0,0.2,80.2
1747112518247,6.6,0.0,13.0,0.0,0.0,0.4,80.0
1747112520259,6.7,0.0,12.3,0.0,0.0,0.2,80.8
1747112522270,7.1,0.0,12.6,0.0,0.0,0.2,80.0
1747112524279,6.3,0.0,13.6,0.0,0.0,0.2,79.8
1747112526288,6.3,0.0,13.9,0.0,0.0,0.3,79.6
1747112528297,6.4,0.0,14.8,0.0,0.0,0.3,78.6
1747112530308,6.7,0.0,11.7,0.0,0.0,0.4,81.2
1747112532319,6.2,0.0,12.0,0.0,0.0,0.3,81.5
1747112534329,6.5,0.0,12.4,0.0,0.0,0.3,80.7
1747112536339,6.3,0.0,11.6,0.0,0.0,0.3,81.7
1747112538347,6.7,0.0,11.9,0.0,0.0,0.3,81.1
1747112540356,7.2,0.0,12.4,0.0,0.0,0.2,80.1
1747112542369,7.0,0.0,12.3,0.0,0.0,0.1,80.6
1747112544381,7.1,0.0,14.8,0.0,0.0,0.3,77.8
1747112546393,7.4,0.0,15.6,0.0,0.0,0.2,76.8
1747112548405,6.9,0.0,12.9,0.0,0.0,0.4,79.8
1747112550417,7.0,0.0,12.6,0.0,0.0,0.2,80.1
1747112552428,6.9,0.0,13.0,0.0,0.0,0.2,79.9
1747112554440,6.9,0.0,12.4,0.0,0.0,0.3,80.3
1747112556451,6.7,0.0,15.9,0.0,0.0,0.3,77.1
1747112558462,6.8,0.0,18.9,0.0,0.0,0.4,74.0
1747112560473,6.4,0.0,13.8,0.0,0.0,0.5,79.3
1747112562484,6.9,0.0,12.2,0.0,0.0,0.3,80.5
1747112564496,6.9,0.0,12.5,0.0,0.0,0.4,80.2
1747112566509,7.0,0.0,13.3,0.0,0.0,0.5,79.2
1747112568521,6.9,0.0,18.4,0.0,0.0,0.3,74.3
1747112570532,7.0,0.0,16.7,0.0,0.0,0.2,76.1
1747112572544,6.8,0.0,17.7,0.0,0.0,0.4,75.2
1747112574554,6.2,0.0,11.9,0.0,0.0,0.2,81.7
1747112576574,6.8,0.0,11.6,0.0,0.0,0.4,81.2
1747112578583,6.2,0.0,12.5,0.0,0.0,0.2,81.0
1747112580591,7.0,0.0,13.3,0.0,0.0,0.3,79.4
1747112582601,6.1,0.0,13.3,0.0,0.0,0.2,80.4
1747112584611,7.0,0.0,15.1,0.0,0.0,0.2,77.6
1747112586620,6.4,0.0,13.3,0.0,0.0,0.1,80.3
1747112588629,6.8,0.0,14.6,0.0,0.0,0.1,78.5
1747112590638,6.8,0.0,14.9,0.0,0.0,0.2,78.2
1747112592648,6.4,0.0,13.3,0.0,0.0,0.2,80.0
1747112594660,6.6,0.0,12.5,0.0,0.0,0.1,80.8
1747112596674,6.8,0.0,14.4,0.0,0.0,0.2,78.5
1747112598685,6.5,0.0,12.8,0.0,0.0,0.2,80.5
1747112600698,7.2,0.0,11.5,0.0,0.0,0.6,80.7
1747112602710,7.1,0.0,12.4,0.0,0.0,0.3,80.2
1747112604721,6.6,0.0,12.1,0.0,0.0,0.5,80.7
1747112606733,6.6,0.0,12.8,0.0,0.0,0.5,80.1
1747112608744,6.5,0.0,11.9,0.0,0.0,0.2,81.3
1747112610756,6.6,0.0,12.2,0.0,0.0,0.1,81.0
1747112612768,7.0,0.0,11.5,0.0,0.0,0.3,81.2
1747112614780,6.6,0.0,12.9,0.0,0.0,0.3,80.2
1747112616792,7.0,0.0,17.9,0.0,0.0,0.2,74.9
1747112618805,7.0,0.0,14.8,0.0,0.0,0.4,77.8
1747112620818,6.8,0.0,13.8,0.0,0.0,0.3,79.1
1747112622829,6.5,0.0,18.7,0.0,0.0,0.1,74.7
1747112624841,6.3,0.0,12.7,0.0,0.0,0.3,80.7
1747112626852,6.5,0.0,12.3,0.0,0.0,0.2,81.0
1747112628862,6.8,0.0,14.6,0.0,0.0,0.2,78.4
1747112630872,6.5,0.0,11.4,0.0,0.0,0.4,81.7
1747112632883,6.3,0.0,13.2,0.0,0.0,0.6,79.8
1747112634891,6.2,0.0,12.4,0.0,0.0,0.4,81.0
1747112636900,6.8,0.0,12.2,0.0,0.0,0.2,80.7
1747112638911,5.9,0.0,15.9,0.0,0.0,0.5,77.8
1747112640925,6.7,0.0,12.9,0.0,0.0,0.4,80.0
1747112642935,6.6,0.0,13.3,0.0,0.0,0.2,79.9
1747112644944,6.5,0.0,13.9,0.0,0.0,0.3,79.3
1747112646956,6.5,0.0,12.2,0.0,0.0,0.1,81.2
1747112648968,6.7,0.0,12.5,0.0,0.0,0.3,80.4
1747112650980,6.9,0.0,12.3,0.0,0.0,0.3,80.6
1747112652992,6.8,0.0,12.1,0.0,0.0,0.2,80.8
1747112655004,6.7,0.0,13.6,0.0,0.0,0.3,79.5
1747112657016,7.2,0.0,13.7,0.0,0.0,0.4,78.8
1747112659028,6.7,0.0,15.5,0.0,0.0,0.3,77.5
1747112661038,6.5,0.0,12.3,0.0,0.0,0.5,80.6
1747112663050,7.2,0.0,12.5,0.0,0.0,0.2,80.1
1747112665061,6.7,0.0,12.5,0.0,0.0,0.2,80.6
1747112667073,6.6,0.0,12.4,0.0,0.0,0.5,80.5
1747112669085,6.5,0.0,13.0,0.0,0.0,0.2,80.3
1747112671098,6.6,0.0,12.7,0.0,0.0,0.1,80.6
1747112673109,6.9,0.0,13.8,0.0,0.0,0.4,78.9
1747112675121,6.7,0.0,13.9,0.0,0.0,0.3,79.1
1747112677132,7.1,0.0,13.1,0.0,0.0,0.3,79.5
1747112679142,6.5,0.0,13.1,0.0,0.0,0.4,80.0
1747112681153,6.8,0.0,12.2,0.0,0.0,0.4,80.6
1747112683164,7.1,0.0,11.8,0.0,0.0,0.3,80.8
1747112685175,6.9,0.0,11.8,0.0,0.0,0.4,81.0
1747112687184,6.4,0.0,11.1,0.0,0.0,0.4,82.0
1747112689196,6.6,0.0,12.3,0.0,0.0,0.2,80.9
1747112691208,6.6,0.0,13.6,0.0,0.0,0.3,79.5
1747112693216,6.2,0.0,12.5,0.0,0.0,0.3,81.0
1747112695228,6.6,0.0,11.2,0.0,0.0,0.6,81.5
1747112697237,6.4,0.0,12.8,0.0,0.0,0.5,80.3
1747112699245,6.5,0.0,12.6,0.0,0.0,0.4,80.5
1747112701255,6.2,0.0,11.7,0.0,0.0,0.5,81.6
1747112703265,6.2,0.0,11.7,0.0,0.0,0.4,81.7
1747112705277,6.6,0.0,12.9,0.0,0.0,0.6,79.9
1747112707288,6.9,0.0,14.8,0.0,0.0,0.2,78.1
1747112709299,6.8,0.0,16.0,0.0,0.0,0.5,76.7
1747112711309,6.7,0.0,12.6,0.0,0.0,0.3,80.4
1747112713321,6.9,0.0,13.9,0.0,0.0,0.4,78.8
1747112715333,6.8,0.0,13.5,0.0,0.0,0.2,79.6
1747112717345,6.7,0.0,15.2,0.0,0.0,0.2,77.8
1747112719356,7.0,0.0,16.6,0.0,0.0,0.4,76.0
1747112721367,6.8,0.0,15.1,0.0,0.0,0.5,77.6
1747112723382,6.6,0.0,14.7,0.0,0.0,0.4,78.4
1747112725395,7.1,0.0,12.5,0.0,0.0,0.3,80.1
1747112727408,7.1,0.0,14.2,0.0,0.0,0.2,78.5
1747112729420,7.0,0.0,12.1,0.0,0.0,0.4,80.5
1747112731433,7.0,0.0,12.2,0.0,0.0,0.1,80.6
1747112733446,6.8,0.0,12.4,0.0,0.0,0.3,80.5
1747112735457,7.0,0.0,15.1,0.0,0.0,0.2,77.8
1747112737468,6.5,0.0,12.4,0.0,0.0,0.2,80.8
1747112739480,7.0,0.0,12.2,0.0,0.0,0.3,80.4
1747112741492,7.0,0.0,13.1,0.0,0.0,0.4,79.5
1747112743504,6.3,0.0,13.1,0.0,0.0,0.4,80.2
1747112745513,6.2,0.0,11.7,0.0,0.0,0.2,81.8
1747112747522,6.5,0.0,13.9,0.0,0.0,0.3,79.4
1747112749531,6.7,0.0,12.7,0.0,0.0,0.4,80.2
1747112751540,6.5,0.0,13.1,0.0,0.0,0.4,80.0
1747112753550,6.5,0.0,14.6,0.0,0.0,0.6,78.2
1747112755559,6.2,0.0,12.8,0.0,0.0,0.2,80.8
1747112757568,6.3,0.0,13.1,0.0,0.0,0.6,80.0
1747112759581,7.1,0.0,13.8,0.0,0.0,0.4,78.7
1747112761593,6.8,0.0,14.2,0.0,0.0,0.5,78.6
1747112763604,6.5,0.0,13.7,0.0,0.0,0.5,79.3
1747112765615,6.6,0.0,14.1,0.0,0.0,0.3,78.9
1747112767626,6.2,0.0,12.2,0.0,0.0,0.4,81.2
1747112769637,6.8,0.0,12.1,0.0,0.0,0.2,80.9
1747112771649,7.0,0.0,12.8,0.0,0.0,0.4,79.9
1747112773660,6.8,0.0,14.4,0.0,0.0,0.2,78.6
1747112775671,6.8,0.0,12.6,0.0,0.0,0.3,80.4
1747112777682,7.3,0.0,14.1,0.0,0.0,0.2,78.4
1747112779694,6.7,0.0,12.1,0.0,0.0,0.4,80.9
1747112781706,6.5,0.0,11.8,0.0,0.0,0.3,81.4
1747112783718,6.8,0.0,13.3,0.0,0.0,0.2,79.7
1747112785730,7.0,0.0,13.6,0.0,0.0,0.2,79.2
1747112787742,6.5,0.0,12.6,0.0,0.0,0.1,80.7
1747112789754,6.5,0.0,12.2,0.0,0.0,0.1,81.2
1747112791764,6.6,0.0,12.8,0.0,0.0,0.3,80.4
1747112793775,7.2,0.0,16.2,0.0,0.0,0.3,76.2
1747112795787,6.4,0.0,14.6,0.0,0.0,0.3,78.6
1747112797799,7.2,0.0,11.5,0.0,0.0,0.4,80.9
1747112799811,6.4,0.0,12.4,0.0,0.0,0.4,80.8
1747112801821,6.6,0.0,12.8,0.0,0.0,0.5,80.0
1747112803831,6.3,0.0,12.2,0.0,0.0,0.5,81.0
1747112805840,6.0,0.0,13.3,0.0,0.0,0.4,80.3
1747112807852,6.5,0.0,13.2,0.0,0.0,0.2,80.1
1747112809862,6.0,0.0,11.9,0.0,0.0,0.4,81.8
1747112811872,6.5,0.0,12.6,0.0,0.0,0.4,80.5
1747112813883,6.6,0.0,11.5,0.0,0.0,0.2,81.7
1747112815898,6.8,0.0,14.2,0.0,0.0,0.5,78.5
1747112817907,6.5,0.0,12.9,0.0,0.0,0.2,80.3
1747112819918,6.8,0.0,15.1,0.0,0.0,0.3,77.8
1747112821928,6.8,0.0,12.1,0.0,0.0,0.2,80.9
1747112823940,6.7,0.0,17.3,0.0,0.0,0.2,75.8
1747112825952,6.6,0.0,14.8,0.0,0.0,0.2,78.4
1747112827964,6.7,0.0,12.3,0.0,0.0,0.3,80.7
1747112829975,6.7,0.0,14.1,0.0,0.0,0.2,78.9
1747112831986,6.5,0.0,13.1,0.0,0.0,0.5,79.9
1747112833998,6.5,0.0,16.0,0.0,0.0,0.4,77.1
1747112836010,6.5,0.0,13.4,0.0,0.0,0.3,79.8
1747112838020,6.7,0.0,12.6,0.0,0.0,0.4,80.3
1747112840030,6.8,0.0,11.2,0.0,0.0,0.5,81.5
1747112842041,6.8,0.0,13.1,0.0,0.0,0.5,79.6
1747112844053,6.5,0.0,14.0,0.0,0.0,0.2,79.3
1747112846064,6.5,0.0,13.1,0.0,0.0,0.8,79.7
1747112848077,7.1,0.0,20.7,0.0,0.0,0.4,71.8
1747112850088,6.7,0.0,13.0,0.0,0.0,0.3,80.0
1747112852101,6.8,0.0,13.7,0.0,0.0,0.4,79.1
1747112854115,7.1,0.0,16.0,0.0,0.0,0.4,76.6
1747112856126,6.7,0.0,11.0,0.0,0.0,0.4,81.9
1747112858137,6.7,0.0,11.9,0.0,0.0,0.3,81.1
1747112860148,6.5,0.0,11.6,0.0,0.0,0.5,81.4
1747112862158,6.8,0.0,13.7,0.0,0.0,0.3,79.2
1747112864167,6.5,0.0,11.2,0.0,0.0,0.5,81.8
1747112866176,6.0,0.0,15.9,0.0,0.0,0.4,77.7
1747112868185,6.3,0.0,13.2,0.0,0.0,0.4,80.1
1747112870194,6.3,0.0,12.0,0.0,0.0,0.6,81.1
1747112872202,6.4,0.0,13.0,0.0,0.0,0.3,80.3
1747112874213,7.8,0.0,25.0,0.0,0.0,0.2,67.0
1747112876225,6.8,0.0,12.9,0.0,0.0,0.4,79.9
1747112878237,7.1,0.0,15.8,0.0,0.0,0.3,76.9
1747112880252,6.7,0.0,14.6,0.0,0.0,0.2,78.5
1747112882266,6.7,0.0,13.2,0.0,0.0,0.2,79.9
1747112884279,6.8,0.0,13.6,0.0,0.0,0.2,79.4
1747112886291,6.6,0.0,17.9,0.0,0.0,0.2,75.2
1747112888304,6.6,0.0,13.7,0.0,0.0,0.2,79.5
1747112890317,6.7,0.0,12.7,0.0,0.0,0.2,80.4
1747112892328,6.8,0.0,11.9,0.0,0.0,0.5,80.7
1747112894341,6.8,0.0,13.3,0.0,0.0,0.4,79.4
1747112896353,6.5,0.0,12.7,0.0,0.0,0.4,80.4
1747112898367,7.0,0.0,12.2,0.0,0.0,0.2,80.6
1747112900381,6.8,0.0,11.1,0.0,0.0,0.3,81.8
1747112902395,6.7,0.0,12.7,0.0,0.0,0.2,80.5
1747112904408,6.8,0.0,11.8,0.0,0.0,0.3,81.1
1747112906420,6.8,0.0,11.8,0.0,0.0,0.4,81.0
1747112908433,6.8,0.0,12.1,0.0,0.0,0.2,80.8
1747112910443,6.3,0.0,11.5,0.0,0.0,0.2,82.0
1747112912453,6.2,0.0,11.7,0.0,0.0,0.5,81.6
1747112914465,6.4,0.0,15.8,0.0,0.0,0.4,77.4
1747112916474,6.7,0.0,11.6,0.0,0.0,0.4,81.3
1747112918482,6.5,0.0,11.6,0.0,0.0,0.5,81.4
1747112920494,6.8,0.0,11.5,0.0,0.0,0.2,81.5
1747112922504,6.2,0.0,12.4,0.0,0.0,0.5,81.0
1747112924511,6.1,0.0,11.9,2.6,0.0,0.3,79.1
1747112926520,6.7,0.0,12.4,0.0,0.0,0.3,80.6
1747112928532,5.9,0.0,16.2,0.0,0.0,0.2,77.7
1747112930544,6.4,0.0,17.2,2.1,0.0,0.4,73.9
1747112932556,6.9,0.0,15.8,0.0,0.0,0.2,77.1
1747112934567,7.7,0.0,25.9,0.0,0.0,0.3,66.2
1747112936579,6.7,0.0,23.7,0.0,0.0,0.4,69.2
1747112938591,6.5,0.0,14.8,0.0,0.0,0.3,78.4
1747112940603,6.8,0.0,13.5,0.0,0.0,0.2,79.5
1747112942614,7.0,0.0,11.7,0.0,0.0,0.4,80.9
1747112944626,7.1,0.0,15.6,0.0,0.0,0.6,76.7
1747112946637,7.1,0.0,12.6,0.0,0.0,0.4,79.9
1747112948650,6.8,0.0,13.1,0.0,0.0,0.4,79.6
1747112950662,6.7,0.0,14.5,0.0,0.0,0.5,78.3
1747112952675,6.7,0.0,13.9,0.0,0.0,0.6,78.8
1747112954686,6.1,0.0,14.3,0.0,0.0,0.5,79.1
1747112956697,6.7,0.0,12.6,0.0,0.0,0.4,80.3
1747112958706,7.1,0.0,13.2,0.0,0.0,0.4,79.3
1747112960716,6.0,0.0,12.4,0.0,0.0,0.7,80.9
1747112962726,6.3,0.0,13.6,0.0,0.0,0.6,79.5
1747112964735,6.3,0.0,12.4,0.0,0.0,0.4,80.9
1747112966745,6.1,0.0,11.6,0.0,0.0,0.3,82.0
1747112968755,6.5,0.0,13.2,0.0,0.0,0.2,80.1
1747112970765,6.9,0.0,11.5,0.0,0.0,0.4,81.2
1747112972777,6.1,0.0,11.9,0.0,0.0,0.4,81.6
1747112974788,6.7,0.0,12.1,0.0,0.0,0.5,80.7
1747112976800,6.8,0.0,16.9,0.0,0.0,0.4,75.9
1747112978812,6.3,0.0,17.3,0.0,0.0,0.5,75.9
1747112980825,6.9,0.0,23.5,0.0,0.0,0.4,69.2
1747112982837,6.8,0.0,15.6,0.0,0.0,0.3,77.2
1747112984849,6.7,0.0,16.0,0.0,0.0,0.4,76.8
1747112986860,6.8,0.0,12.0,0.0,0.0,0.2,81.0
1747112988872,6.9,0.0,12.0,0.0,0.0,0.3,80.8
1747112990885,6.3,0.0,13.2,0.0,0.0,0.4,80.0
1747112992896,7.0,0.0,18.7,0.0,0.0,0.4,73.9
1747112994908,6.9,0.0,25.1,0.0,0.0,0.2,67.8
1747112996920,6.4,0.0,17.1,0.0,0.0,0.6,75.9
1747112998932,6.3,0.0,14.2,0.0,0.0,0.8,78.8
1747113000945,6.3,0.0,13.3,0.0,0.0,0.6,79.8
1747113002956,6.2,0.0,12.7,0.0,0.0,0.4,80.7
1747113004965,5.9,0.0,11.7,0.0,0.0,0.5,81.9
1747113006975,6.5,0.0,12.4,0.0,0.0,0.8,80.3
1747113008989,6.4,0.0,18.0,0.0,0.0,0.6,74.9
1747113011000,6.4,0.0,14.4,0.0,0.0,0.4,78.8
1747113013011,6.6,0.0,12.2,0.0,0.0,0.4,80.8
1747113015021,6.2,0.0,11.8,0.0,0.0,0.4,81.5
1747113017031,6.4,0.0,12.4,0.0,0.0,0.2,81.0
1747113019042,6.7,0.0,12.7,0.0,0.0,0.4,80.2
1747113021056,6.4,0.0,14.7,0.0,0.0,0.4,78.5
1747113023071,7.3,0.0,18.4,0.0,0.0,0.4,73.8
1747113025085,6.8,0.0,17.4,0.0,0.0,0.3,75.5
1747113027098,6.4,0.0,11.8,0.0,0.0,0.3,81.4
1747113029111,7.2,0.0,11.2,0.0,0.0,0.2,81.4
1747113031123,7.1,0.0,11.1,0.0,0.0,0.2,81.7
1747113033135,7.2,0.0,13.2,0.0,0.0,0.4,79.3
1747113035148,6.6,0.0,12.3,0.0,0.0,0.3,80.7
1747113037161,6.6,0.0,12.4,0.0,0.0,0.2,80.8
1747113039174,6.9,0.0,17.9,0.0,0.0,0.2,75.0
1747113041187,6.7,0.0,14.2,0.0,0.0,0.2,78.9
1747113043200,6.7,0.0,14.8,0.0,0.0,0.2,78.3
1747113045213,6.6,0.0,13.4,0.0,0.0,0.1,79.9
1747113047225,6.6,0.0,13.1,0.0,0.0,0.2,80.0
1747113049238,6.8,0.0,12.2,0.0,0.0,0.3,80.7
1747113051249,6.6,0.0,14.6,0.0,0.0,0.4,78.4
1747113053260,6.3,0.0,13.2,0.0,0.0,0.3,80.2
1747113055269,5.8,0.0,16.2,0.0,0.0,0.5,77.5
1747113057281,6.3,0.0,12.4,0.0,0.0,0.4,81.0
1747113059290,6.1,0.0,11.7,0.0,0.0,0.4,81.7
1747113061300,6.1,0.0,11.1,0.0,0.0,0.3,82.5
1747113063310,6.3,0.0,12.8,0.0,0.0,0.4,80.5
1747113065321,6.6,0.0,13.1,0.0,0.0,0.4,79.9
1747113067334,6.7,0.0,12.8,0.0,0.0,0.3,80.2
1747113069345,7.1,0.0,11.1,0.0,0.0,0.3,81.4
1747113071358,6.7,0.0,10.9,0.0,0.0,0.6,81.8
1747113073368,5.9,0.0,12.9,0.0,0.0,0.4,80.8
1747113075379,6.2,0.0,15.9,0.0,0.0,0.5,77.4
1747113077394,6.0,0.0,13.8,0.0,0.0,0.5,79.7
1747113079404,6.7,0.0,12.9,0.0,0.0,0.2,80.2
1747113081417,7.0,0.0,12.9,0.0,0.0,0.2,79.8
1747113083428,6.7,0.0,16.1,0.0,0.0,0.4,76.8
1747113085441,7.0,0.0,18.9,0.0,0.0,0.4,73.7
1747113087454,6.2,0.0,16.1,0.0,0.0,0.6,77.1
1747113089466,6.5,0.0,21.4,0.0,0.0,0.3,71.8
1747113091478,6.3,0.0,16.8,0.0,0.0,0.3,76.6
1747113093490,6.5,0.0,11.4,0.0,0.0,0.4,81.6
1747113095502,6.9,0.0,11.8,0.0,0.0,0.3,81.0
1747113097514,6.6,0.0,13.1,0.0,0.0,0.2,80.1
1747113099526,6.5,0.0,12.8,0.0,0.0,0.3,80.3
1747113101538,6.6,0.0,11.8,0.0,0.0,0.3,81.2
1747113103549,6.8,0.0,14.8,0.0,0.0,0.4,78.0
1747113105560,6.8,0.0,13.0,0.0,0.0,0.3,79.9
1747113107571,6.4,0.0,13.5,0.0,0.0,0.4,79.7
1747113109581,6.4,0.0,11.2,0.0,0.0,0.5,81.9
1747113111589,6.4,0.0,12.2,0.0,0.0,0.2,81.1
1747113113601,6.2,0.0,11.3,0.0,0.0,0.3,82.2
1747113115610,6.3,0.0,12.5,0.0,0.0,0.2,80.9
1747113117620,6.2,0.0,11.9,0.0,0.0,0.5,81.3
1747113119631,6.5,0.0,12.6,0.0,0.0,0.3,80.6
1747113121641,6.6,0.0,11.0,0.0,0.0,0.5,81.8
1747113123649,6.4,0.0,11.3,0.0,0.0,0.2,82.1
1747113125659,6.5,0.0,13.1,0.0,0.0,0.2,80.1
1747113127669,6.7,0.0,12.8,0.0,0.0,0.2,80.2
1747113129680,6.9,0.0,11.3,0.0,0.0,0.1,81.6
1747113131692,6.6,0.0,12.4,0.0,0.0,0.1,80.9
1747113133705,6.8,0.0,12.0,0.0,0.0,0.2,81.0
1747113135718,6.4,0.0,12.7,0.0,0.0,0.2,80.7
1747113137730,6.9,0.0,11.9,0.0,0.0,0.1,81.1
1747113139742,6.7,0.0,12.3,0.0,0.0,0.5,80.5
1747113141754,6.5,0.0,12.1,0.0,0.0,0.2,81.3
1747113143767,6.7,0.0,14.3,0.0,0.0,0.3,78.7
1747113145780,7.0,0.0,18.2,0.0,0.0,0.3,74.4
1747113147791,6.8,0.0,15.6,0.0,0.0,0.6,77.1
1747113149803,6.8,0.0,12.4,0.0,0.0,0.2,80.5
1747113151816,6.5,0.0,12.5,0.0,0.0,0.3,80.7
1747113153829,6.8,0.0,13.0,0.0,0.0,0.2,80.0
1747113155841,6.5,0.0,13.5,0.0,0.0,0.5,79.5
1747113157854,7.0,0.0,13.7,0.0,0.0,0.2,79.2
1747113159866,6.8,0.0,13.5,0.0,0.0,0.2,79.5
1747113161879,6.9,0.0,15.4,0.0,0.0,0.2,77.4
1747113163889,6.5,0.0,16.8,0.0,0.0,0.0,76.7
1747113165902,6.0,0.0,16.9,0.0,0.0,0.4,76.8
1747113167911,6.9,0.0,14.4,0.0,0.0,0.3,78.3
1747113169923,6.5,0.0,15.4,0.0,0.0,0.3,77.8
1747113171932,6.1,0.0,15.3,0.0,0.0,0.3,78.2
1747113173944,7.4,0.0,18.8,0.0,0.0,0.3,73.5
1747113175955,6.9,0.0,12.3,0.0,0.0,0.5,80.3
1747113177966,6.8,0.0,11.1,0.0,0.0,0.1,81.9
1747113179974,6.2,0.0,11.2,0.0,0.0,0.2,82.3
1747113181984,6.3,0.0,11.5,0.0,0.0,0.2,82.0
1747113183997,6.6,0.0,12.6,0.0,0.0,0.4,80.4
1747113186007,6.9,0.0,13.4,0.0,0.0,0.3,79.3
1747113188019,7.1,0.0,14.0,0.0,0.0,0.2,78.8
1747113190030,6.8,0.0,12.3,0.0,0.0,0.6,80.4
1747113192043,6.6,0.0,14.0,0.0,0.0,0.3,79.0
1747113194054,6.5,0.0,12.2,0.0,0.0,0.3,81.0
1747113196065,6.7,0.0,12.7,0.0,0.0,0.2,80.4
1747113198078,6.9,0.0,14.7,0.0,0.0,0.1,78.2
1747113200090,7.0,0.0,11.9,0.0,0.0,0.2,80.9
1747113202102,6.8,0.0,13.4,0.0,0.0,0.3,79.5
1747113204113,6.2,0.0,12.5,0.0,0.0,0.2,81.0
1747113206123,7.1,0.0,12.5,0.0,0.0,0.1,80.4
1747113208133,6.6,0.0,16.4,0.0,0.0,0.3,76.7
1747113210146,6.5,0.0,13.2,0.0,0.0,0.4,79.9
1747113212157,6.8,0.0,12.1,0.0,0.0,0.3,80.7
1747113214165,6.4,0.0,12.2,0.0,0.0,0.3,81.1
1747113216172,6.9,0.0,11.5,0.0,0.0,0.5,81.2
1747113218182,6.5,0.0,13.6,0.0,0.0,0.2,79.7
1747113220190,6.4,0.0,12.0,0.0,0.0,0.5,81.1
1747113222199,6.6,0.0,11.7,0.0,0.0,0.5,81.1
1747113224207,6.3,0.0,12.8,0.0,0.0,0.4,80.6
1747113226220,6.7,0.0,12.8,0.0,0.0,0.2,80.3
1747113228232,7.1,0.0,13.1,0.0,0.0,0.3,79.5
1747113230245,6.9,0.0,15.2,0.0,0.0,0.2,77.7
1747113232257,7.0,0.0,14.5,0.0,0.0,0.2,78.4
1747113234267,6.1,0.0,12.4,0.0,0.0,0.3,81.2
1747113236277,6.5,0.0,13.2,0.0,0.0,0.2,80.1
1747113238290,6.7,0.0,14.2,0.0,0.0,0.2,78.9
1747113240303,6.6,0.0,15.2,0.0,0.0,0.2,78.0
1747113242314,6.5,0.0,13.2,0.0,0.0,0.2,80.2
1747113244324,6.3,0.0,13.3,0.0,0.0,0.4,80.0
1747113246338,7.1,0.0,19.5,0.0,0.0,0.4,73.0
1747113248350,6.6,0.0,19.2,0.0,0.0,0.3,73.9
1747113250362,6.8,0.0,12.7,0.0,0.0,0.3,80.2
1747113252374,6.6,0.0,14.6,0.0,0.0,0.2,78.5
1747113254386,6.6,0.0,13.3,0.0,0.0,0.2,79.9
1747113256398,7.1,0.0,13.0,0.0,0.0,0.4,79.5
1747113258410,7.2,0.0,14.4,0.0,0.0,0.4,77.9
1747113260421,6.5,0.0,12.4,0.0,0.0,0.1,81.0
1747113262429,6.3,0.0,11.2,0.0,0.0,0.2,82.4
1747113264438,6.1,0.0,12.6,0.0,0.0,0.6,80.7
1747113266448,6.8,0.0,12.2,0.0,0.0,0.3,80.7
1747113268459,6.3,0.0,11.4,0.0,0.0,0.3,82.0
1747113270469,6.3,0.0,13.9,0.0,0.0,0.4,79.4
1747113272479,6.9,0.0,12.4,0.0,0.0,0.4,80.3
1747113274489,6.7,0.0,11.8,0.0,0.0,0.2,81.3
1747113276498,6.5,0.0,11.6,0.0,0.0,0.4,81.5
1747113278508,6.4,0.0,13.6,0.0,0.0,0.3,79.7
1747113280519,6.8,0.0,12.1,0.0,0.0,0.4,80.7
1747113282531,7.0,0.0,13.0,0.0,0.0,0.2,79.8
1747113284544,6.3,0.0,13.6,0.0,0.0,0.2,79.9
1747113286558,7.1,0.0,11.7,0.0,0.0,0.2,81.0
1747113288574,6.4,0.0,12.1,0.0,0.0,0.5,80.9
1747113290587,7.0,0.0,11.8,0.0,0.0,0.2,81.0
1747113292598,6.6,0.0,12.5,0.0,0.0,0.2,80.6
1747113294607,6.3,0.0,14.5,0.0,0.0,0.2,79.0
1747113296618,6.7,0.0,12.0,0.0,0.0,0.2,81.2
1747113298633,7.0,0.0,11.9,0.0,0.0,0.1,81.0
1747113300645,6.3,0.0,12.1,0.0,0.0,0.3,81.2
1747113302654,6.4,0.0,11.8,0.0,0.0,0.4,81.4
1747113304667,6.4,0.0,13.6,0.0,0.0,0.2,79.8
1747113306679,6.9,0.0,12.5,0.0,0.0,0.6,80.0
1747113308692,7.3,0.0,12.3,0.0,0.0,0.5,79.8
1747113310704,6.5,0.0,13.8,0.0,0.0,0.3,79.5
1747113312716,6.8,0.0,13.4,0.0,0.0,0.2,79.6
1747113314730,6.9,0.0,12.5,0.0,0.0,0.3,80.3
1747113316743,6.8,0.0,13.9,0.0,0.0,0.1,79.3
1747113318757,6.6,0.0,12.3,0.0,0.0,0.1,81.0
1747113320772,7.2,0.0,13.2,0.0,0.0,0.6,79.0
1747113322785,6.8,0.0,12.6,0.0,0.0,0.5,80.2
1747113324798,6.6,0.0,13.6,0.0,0.0,0.2,79.7
1747113326809,6.5,0.0,11.2,0.0,0.0,0.3,82.0
1747113328818,6.2,0.0,12.0,0.0,0.0,0.1,81.7
1747113330826,6.5,0.0,12.4,0.0,0.0,0.3,80.8
1747113332837,6.9,0.0,17.0,0.0,0.0,0.3,75.8
1747113334846,6.5,0.0,12.6,0.0,0.0,0.4,80.4
1747113336855,6.4,0.0,12.7,0.0,0.0,0.5,80.4
1747113338867,6.7,0.0,12.2,0.0,0.0,0.3,80.7
1747113340884,6.4,0.0,14.8,0.0,0.0,0.5,78.3
1747113342898,6.9,0.0,11.7,0.0,0.0,0.2,81.1
1747113344913,6.4,0.0,13.5,0.0,0.0,0.3,79.7
1747113346927,6.4,0.0,15.1,0.0,0.0,0.3,78.2
1747113348940,7.4,0.0,13.8,0.0,0.0,0.4,78.3
1747113350952,7.1,0.0,14.5,0.0,0.0,0.3,78.1
1747113352965,6.4,0.0,11.3,0.0,0.0,0.3,82.0
1747113354977,6.8,0.0,11.6,0.0,0.0,0.3,81.2
1747113356988,6.1,0.0,12.2,0.0,0.0,0.3,81.4
1747113358999,6.4,0.0,11.4,0.0,0.0,0.6,81.5
1747113361009,6.3,0.0,13.1,0.0,0.0,0.3,80.3
1747113363024,6.8,0.0,13.3,0.0,0.0,0.4,79.4
1747113365038,7.0,0.0,12.3,0.0,0.0,0.2,80.6
1747113367051,6.6,0.0,13.6,0.0,0.0,0.2,79.6
1747113369063,6.4,0.0,13.2,0.0,0.0,0.2,80.2
1747113371075,6.5,0.0,12.9,0.0,0.0,0.3,80.3
1747113373088,6.9,0.0,13.2,0.0,0.0,0.3,79.6
1747113375101,6.8,0.0,12.4,0.0,0.0,0.1,80.7
1747113377114,7.1,0.0,13.1,0.0,0.0,0.1,79.7
1747113379127,6.5,0.0,13.6,0.0,0.0,0.2,79.7
1747113381139,6.9,0.0,16.3,0.0,0.0,0.3,76.5
1747113383150,6.6,0.0,13.5,0.0,0.0,0.2,79.8
1747113385160,7.0,0.0,12.8,0.0,0.0,0.3,80.0
1747113387170,6.5,0.0,12.6,0.0,0.0,0.5,80.4
1747113389180,6.2,0.0,13.3,0.0,0.0,0.2,80.2
1747113391188,7.2,0.0,11.5,0.0,0.0,0.3,80.9
1747113393198,6.4,0.0,11.5,0.0,0.0,0.3,81.8
1747113395207,6.7,0.0,11.6,0.0,0.0,0.5,81.3
1747113397218,6.5,0.0,12.3,0.0,0.0,0.3,81.0
1747113399229,7.0,0.0,12.1,0.0,0.0,0.1,80.8
1747113401242,6.8,0.0,14.7,0.0,0.0,0.3,78.2
1747113403254,6.5,0.0,15.4,0.0,0.0,0.1,77.9
1747113405266,7.0,0.0,13.5,0.0,0.0,0.2,79.3
1747113407278,6.9,0.0,15.3,0.0,0.0,0.2,77.7
1747113409290,6.8,0.0,12.5,0.0,0.0,0.2,80.5
1747113411301,6.6,0.0,12.1,0.0,0.0,0.4,80.9
1747113413312,6.8,0.0,11.6,0.0,0.0,0.5,81.1
1747113415321,6.2,0.0,13.1,0.0,0.0,0.3,80.4
1747113417330,6.5,0.0,11.6,0.0,0.0,0.2,81.7
1747113419343,6.5,0.0,11.4,0.0,0.0,0.3,81.7
1747113421355,6.8,0.0,13.4,0.0,0.0,0.3,79.4
1747113423367,6.1,0.0,12.2,0.0,0.0,0.4,81.3
1747113425380,6.9,0.0,12.4,0.0,0.0,0.2,80.4
1747113427392,6.9,0.0,14.3,0.0,0.0,0.3,78.4
1747113429404,6.7,0.0,13.2,0.0,0.0,0.3,79.8
1747113431416,7.2,0.0,13.4,0.0,0.0,0.3,79.2
1747113433428,6.9,0.0,12.6,0.0,0.0,0.3,80.2
1747113435440,6.4,0.0,12.4,0.0,0.0,0.4,80.8
1747113437452,6.4,0.0,14.4,0.0,0.0,0.2,79.0
1747113439462,6.8,0.0,13.2,0.0,0.0,0.2,79.9
1747113441470,6.4,0.0,11.9,0.0,0.0,0.2,81.4
1747113443481,6.5,0.0,11.6,0.0,0.0,0.3,81.6
1747113445491,6.2,0.0,11.4,0.0,0.0,0.2,82.1
1747113447504,7.0,0.0,12.5,0.0,0.0,0.5,80.0
1747113449515,6.2,0.0,14.0,0.0,0.0,0.2,79.7
1747113451526,6.4,0.0,11.6,0.0,0.0,0.2,81.9
1747113453536,6.9,0.0,14.8,0.0,0.0,0.2,78.0
1747113455545,6.6,0.0,12.1,0.0,0.0,0.4,80.9
1747113457558,6.6,0.0,11.1,0.0,0.0,0.3,82.0
1747113459570,6.8,0.0,12.9,0.0,0.0,0.2,80.0
1747113461582,6.3,0.0,12.7,0.0,0.0,0.4,80.5
1747113463595,6.2,0.0,13.0,0.0,0.0,0.5,80.3
1747113465608,6.9,0.0,13.7,0.0,0.0,0.4,79.1
1747113467619,6.2,0.0,12.6,0.0,0.0,0.3,80.9
1747113469631,7.1,0.0,11.4,0.0,0.0,0.2,81.2
1747113471642,6.5,0.0,13.1,0.0,0.0,0.2,80.2
1747113473654,6.9,0.0,13.0,0.0,0.0,0.4,79.7
1747113475665,6.5,0.0,11.6,0.0,0.0,0.3,81.6
1747113477676,6.4,0.0,12.3,0.0,0.0,0.3,80.9
1747113479688,6.6,0.0,12.8,0.0,0.0,0.4,80.2
1747113481700,6.8,0.0,16.0,0.0,0.0,0.4,76.9
1747113483711,6.7,0.0,13.0,0.0,0.0,0.2,80.2
1747113485722,6.9,0.0,12.3,0.0,0.0,0.2,80.6
1747113487731,7.0,0.0,12.2,0.0,0.0,0.1,80.7
1747113489742,6.7,0.0,11.7,0.0,0.0,0.1,81.5
1747113491758,7.3,0.0,11.6,0.0,0.0,0.2,80.8
1747113493772,6.6,0.0,13.2,0.0,0.0,0.2,80.0
1747113495783,6.8,0.0,15.0,0.0,0.0,0.2,78.0
1747113497794,6.8,0.0,12.7,0.0,0.0,0.3,80.2
1747113499806,6.3,0.0,12.7,0.0,0.0,0.4,80.6
1747113501816,6.8,0.0,13.4,0.0,0.0,0.2,79.5
1747113503826,6.2,0.0,12.7,0.0,0.0,0.3,80.8
1747113505835,6.7,0.0,12.8,0.0,0.0,0.2,80.3
1747113507843,6.4,0.0,13.2,0.0,0.0,0.4,80.1
1747113509852,6.9,0.0,12.2,0.0,0.0,0.3,80.7
1747113511862,6.6,0.0,12.5,0.0,0.0,0.5,80.4
1747113513870,6.3,0.0,15.1,0.0,0.0,0.2,78.4
1747113515879,6.5,0.0,13.4,0.0,0.0,0.3,79.7
1747113517891,6.3,0.0,15.0,0.0,0.0,0.4,78.3
1747113519903,6.5,0.0,12.8,0.0,0.0,0.2,80.5
1747113521915,6.8,0.0,13.1,0.0,0.0,0.3,79.8
1747113523925,5.8,0.0,11.9,0.0,0.0,0.1,82.2
1747113525935,6.5,0.0,12.3,0.0,0.0,0.2,81.0
1747113527946,6.2,0.0,11.8,0.0,0.0,0.2,81.8
1747113529958,6.3,0.0,12.8,0.0,0.0,0.2,80.7
1747113531970,7.0,0.0,17.6,0.0,0.0,0.2,75.3
1747113533982,7.1,0.0,15.3,0.0,0.0,0.3,77.3
1747113535994,6.9,0.0,14.6,0.0,0.0,0.3,78.3
1747113538007,6.8,0.0,12.9,0.0,0.0,0.2,80.1
1747113540018,6.5,0.0,11.9,0.0,0.0,0.2,81.3
1747113542029,6.2,0.0,12.4,0.0,0.0,0.2,81.3
1747113544039,7.1,0.0,11.0,0.0,0.0,0.4,81.5
1747113546051,6.3,0.0,11.9,0.0,0.0,0.3,81.4
1747113548066,6.8,0.0,11.8,0.0,0.0,0.3,81.0
1747113550079,6.4,0.0,13.8,0.0,0.0,0.0,79.7
1747113552091,7.0,0.0,13.9,0.0,0.0,0.5,78.5
1747113554104,6.7,0.0,12.8,0.0,0.0,0.1,80.4
1747113556115,6.4,0.0,14.1,0.0,0.0,0.2,79.4
1747113558128,6.8,0.0,14.3,0.0,0.0,0.2,78.8
1747113560139,6.5,0.0,12.8,0.0,0.0,0.4,80.3
1747113562150,7.0,0.0,13.2,0.0,0.0,0.2,79.7
1747113564160,6.4,0.0,13.6,0.0,0.0,0.4,79.5
1747113566170,6.2,0.0,14.6,0.0,0.0,0.2,79.0
1747113568181,6.1,0.0,12.4,0.0,0.0,0.3,81.2
1747113570190,6.4,0.0,14.3,0.0,0.0,0.3,79.1
1747113572201,6.3,0.0,11.9,0.0,0.0,0.4,81.4
1747113574211,6.8,0.0,10.5,0.0,0.0,0.4,82.2
1747113576220,6.7,0.0,11.1,0.0,0.0,0.2,82.0
1747113578230,6.8,0.0,11.2,0.0,0.0,0.3,81.7
1747113580241,6.6,0.0,11.2,0.0,0.0,0.3,81.9
1747113582250,6.8,0.0,11.5,0.0,0.0,0.3,81.4
1747113584260,6.3,0.0,12.9,0.0,0.0,0.2,80.5
1747113586271,6.9,0.0,13.5,0.0,0.0,0.2,79.4
1747113588282,6.9,0.0,11.6,0.0,0.0,0.2,81.3
1747113590294,6.8,0.0,12.8,0.0,0.0,0.3,80.1
1747113592306,6.5,0.0,14.5,0.0,0.0,0.4,78.6
1747113594318,6.9,0.0,14.4,0.0,0.0,0.5,78.2
1747113596330,6.8,0.0,12.3,0.0,0.0,0.4,80.5
1747113598341,6.7,0.0,13.4,0.0,0.0,0.5,79.4
1747113600352,7.1,0.0,15.2,0.0,0.0,0.6,77.1
1747113602364,6.7,0.0,12.2,0.0,0.0,0.1,81.0
1747113604376,6.8,0.0,11.4,0.0,0.0,0.3,81.5
1747113606389,6.6,0.0,11.5,0.0,0.0,0.4,81.5
1747113608399,7.0,0.0,11.8,0.0,0.0,0.1,81.1
1747113610409,7.0,0.0,15.0,0.0,0.0,0.3,77.6
1747113612419,6.6,0.0,12.4,0.0,0.0,0.4,80.5
1747113614432,6.5,0.0,12.6,0.0,0.0,0.2,80.7
1747113616444,6.7,0.0,14.1,0.0,0.0,0.2,79.1
1747113618457,6.9,0.0,13.1,0.0,0.0,0.5,79.5
1747113620470,6.6,0.0,14.9,0.0,0.0,0.4,78.1
1747113622481,6.7,0.0,16.9,0.0,0.0,0.3,76.0
1747113624493,6.5,0.0,11.9,0.0,0.0,0.4,81.3
1747113626502,6.2,0.0,11.6,0.0,0.0,0.3,81.9
1747113628514,6.2,0.0,12.7,0.0,0.0,0.3,80.8
1747113630523,6.2,0.0,12.2,0.0,0.0,0.3,81.3
1747113632534,6.4,0.0,12.9,0.0,0.0,0.3,80.4
1747113634544,6.2,0.0,13.7,0.0,0.0,0.4,79.7
1747113636553,6.4,0.0,16.6,0.0,0.0,0.3,76.7
1747113638566,6.6,0.0,12.3,0.0,0.0,0.4,80.7
1747113640579,7.0,0.0,18.8,0.0,0.0,0.4,73.8
1747113642592,7.0,0.0,19.4,0.0,0.0,0.3,73.3
1747113644605,6.7,0.0,12.5,0.0,0.0,0.2,80.5
1747113646618,6.7,0.0,13.0,0.0,0.0,0.4,80.0
1747113648631,6.2,0.0,16.8,0.0,0.0,0.5,76.5
1747113650645,6.5,0.0,13.7,0.0,0.0,0.5,79.3
1747113652658,6.7,0.0,13.9,0.0,0.0,0.5,78.8
1747113654670,6.6,0.0,17.4,0.0,0.0,0.3,75.7
1747113656682,6.8,0.0,13.0,0.0,0.0,0.5,79.7
1747113658694,6.7,0.0,16.7,0.0,0.0,0.2,76.5
1747113660707,6.6,0.0,13.8,0.0,0.0,0.3,79.3
1747113662722,8.0,0.0,26.6,0.0,0.0,0.5,65.0
1747113664737,6.7,0.0,25.8,0.0,0.0,0.3,67.2
1747113666763,5.3,0.0,20.4,0.0,0.0,0.1,74.3
1747113668775,5.2,0.0,20.8,0.0,0.0,0.6,73.3
1747113670800,7.1,0.0,23.9,0.0,0.0,0.5,68.5
1747113672813,6.8,0.0,19.6,0.0,0.0,0.3,73.3
1747113674826,6.7,0.0,14.7,0.0,0.0,0.3,78.3
1747113676839,6.9,0.0,15.4,0.0,0.0,0.3,77.4
1747113678853,6.7,0.0,14.5,0.0,0.0,0.6,78.2
1747113680865,6.4,0.0,11.8,0.0,0.0,0.3,81.5
1747113682876,6.8,0.0,14.3,0.0,0.0,0.2,78.7
1747113684889,7.0,0.0,12.5,0.0,0.0,0.3,80.2
1747113686901,6.9,0.0,16.4,0.0,0.0,0.6,76.1
1747113688913,6.4,0.0,13.0,0.0,0.0,0.3,80.3
1747113690925,6.7,0.0,12.4,0.0,0.0,0.2,80.7
1747113692937,6.5,0.0,13.2,0.0,0.0,0.2,80.0
1747113694948,7.2,0.0,12.1,0.0,0.0,0.4,80.3
1747113696960,6.6,0.0,12.9,0.0,0.0,0.3,80.1
1747113698972,6.9,0.0,12.0,0.0,0.0,0.3,80.8
1747113700983,6.7,0.0,13.4,0.0,0.0,0.4,79.4
1747113702994,6.8,0.0,12.1,0.0,0.0,0.3,80.8
1747113705005,6.9,0.0,12.5,0.0,0.0,0.1,80.5
1747113707015,6.5,0.0,20.4,0.0,0.0,0.2,72.9
1747113709023,6.5,0.0,14.4,0.0,0.0,0.3,78.8
1747113711035,6.3,0.0,12.5,0.0,0.0,0.2,81.0
1747113713045,6.8,0.0,13.2,0.0,0.0,0.2,79.7
1747113715055,6.8,0.0,12.7,0.0,0.0,0.3,80.2
1747113717065,6.8,0.0,19.4,0.0,0.0,0.2,73.6
1747113719075,6.3,0.0,12.4,0.0,0.0,0.2,81.1
1747113721086,6.7,0.0,13.3,0.0,0.0,0.4,79.6
1747113723097,6.2,0.0,14.8,0.0,0.0,0.3,78.6
1747113725108,6.6,0.0,11.3,0.0,0.0,0.5,81.6
1747113727117,6.3,0.0,12.1,0.0,0.0,0.3,81.3
1747113729127,6.3,0.0,12.1,0.0,0.0,0.3,81.3
1747113731138,6.8,0.0,11.5,0.0,0.0,0.3,81.5
1747113733150,6.9,0.0,12.2,0.0,0.0,0.3,80.5
1747113735162,6.7,0.0,11.7,0.0,0.0,0.3,81.4
1747113737174,6.9,0.0,12.5,0.0,0.0,0.4,80.2
1747113739186,6.4,0.0,12.2,0.0,0.0,0.4,81.0
1747113741196,6.8,0.0,12.9,0.0,0.0,0.3,80.0
1747113743207,6.7,0.0,11.9,0.0,0.0,0.3,81.1
1747113745219,6.7,0.0,13.9,0.0,0.0,0.3,79.1
1747113747232,6.4,0.0,12.9,0.0,0.0,0.3,80.3
1747113749245,6.8,0.0,12.4,0.0,0.0,0.2,80.6
1747113751257,6.9,0.0,12.0,0.0,0.0,0.2,80.8
1747113753268,7.3,0.0,11.7,0.0,0.0,0.3,80.7
1747113755280,6.6,0.0,11.9,0.0,0.0,0.4,81.1
1747113757292,7.0,0.0,11.5,0.0,0.0,0.2,81.3
1747113759304,7.0,0.0,11.3,0.0,0.0,0.2,81.5
1747113761316,6.8,0.0,11.8,0.0,0.0,0.2,81.2
1747113763328,6.8,0.0,11.6,0.0,0.0,0.2,81.3
1747113765338,6.4,0.0,12.3,0.0,0.0,0.4,80.9
1747113767346,6.1,0.0,11.6,0.0,0.0,0.2,82.1
1747113769357,6.3,0.0,15.0,0.0,0.0,0.2,78.4
1747113771369,6.7,0.0,12.9,0.0,0.0,0.3,80.1
1747113773378,6.1,0.0,12.2,0.0,0.0,0.4,81.3
1747113775388,6.3,0.0,12.4,0.0,0.0,0.2,81.0
1747113777398,6.7,0.0,11.7,0.0,0.0,0.3,81.2
1747113779408,6.5,0.0,11.9,0.0,0.0,0.2,81.4
1747113781419,6.7,0.0,11.9,0.0,0.0,0.2,81.2
1747113783431,7.1,0.0,11.7,0.0,0.0,0.2,81.1
1747113785442,6.4,0.0,11.8,0.0,0.0,0.3,81.5
1747113787453,7.2,0.0,12.7,0.0,0.0,0.4,79.8
1747113789465,6.3,0.0,12.7,0.0,0.0,0.2,80.7
1747113791480,6.6,0.0,14.0,0.0,0.0,0.2,79.2
1747113793492,6.6,0.0,12.2,0.0,0.0,0.4,80.8
1747113795503,6.9,0.0,11.9,0.0,0.0,0.3,80.8
1747113797515,7.2,0.0,11.5,0.0,0.0,0.3,80.9
1747113799527,7.1,0.0,12.5,0.0,0.0,0.3,80.1
1747113801538,6.8,0.0,12.9,0.0,0.0,0.2,80.1
1747113803550,7.1,0.0,11.8,0.0,0.0,0.6,80.6
1747113805562,6.8,0.0,13.3,0.0,0.0,0.4,79.5
1747113807573,6.7,0.0,14.6,0.0,0.0,0.4,78.3
1747113809585,6.3,0.0,12.5,0.0,0.0,0.5,80.6
1747113811597,6.8,0.0,15.2,0.0,0.0,0.5,77.5
1747113813610,6.7,0.0,14.0,0.0,0.0,0.5,78.8
1747113815621,6.9,0.0,15.8,0.0,0.0,0.5,76.8
1747113817633,6.5,0.0,16.0,0.0,0.0,0.5,77.0
1747113819646,6.8,0.0,19.7,0.0,0.0,0.3,73.2
1747113821658,6.7,0.0,13.8,0.0,0.0,0.5,79.0
1747113823670,5.9,0.0,12.1,0.0,0.0,0.5,81.5
1747113825681,6.1,0.0,13.4,0.0,0.0,0.4,80.1
1747113827690,6.0,0.0,11.7,0.0,0.0,0.3,82.0
1747113829700,6.9,0.0,12.4,0.0,0.0,0.3,80.4
1747113831710,6.2,0.0,12.8,0.0,0.0,0.3,80.7
1747113833721,6.0,0.0,13.3,0.0,0.0,0.5,80.2
1747113835735,7.2,0.0,13.6,0.0,0.0,0.7,78.5
1747113837748,6.4,0.0,17.6,0.0,0.0,0.3,75.6
1747113839761,6.6,0.0,12.6,0.0,0.0,0.3,80.5
1747113841773,6.7,0.0,13.7,0.0,0.0,0.4,79.2
1747113843785,7.0,0.0,11.4,0.0,0.0,0.3,81.3
1747113845796,6.5,0.0,11.7,0.0,0.0,0.2,81.6
1747113847807,6.8,0.0,12.1,0.0,0.0,0.1,81.1
1747113849819,7.1,0.0,12.2,0.0,0.0,0.2,80.5
1747113851831,6.7,0.0,12.8,0.0,0.0,0.3,80.2
1747113853843,6.9,0.0,12.9,0.0,0.0,0.3,80.0
1747113855855,6.3,0.0,12.6,0.0,0.0,0.2,80.8
1747113857868,6.6,0.0,14.1,0.0,0.0,0.4,78.9
1747113859879,6.3,0.0,12.7,0.0,0.0,0.2,80.8
1747113861892,6.7,0.0,13.6,0.0,0.0,0.2,79.4
1747113863903,6.5,0.0,11.7,0.0,0.0,0.3,81.5
1747113865915,6.7,0.0,12.8,0.0,0.0,0.2,80.4
1747113867926,6.7,0.0,13.9,0.0,0.0,0.5,78.8
1747113869937,6.6,0.0,13.6,0.0,0.0,0.4,79.4
1747113871949,6.6,0.0,12.8,0.0,0.0,0.5,80.1
1747113873962,6.6,0.0,11.3,0.0,0.0,0.3,81.7
1747113875975,6.6,0.0,11.6,0.0,0.0,0.5,81.3
1747113877986,6.4,0.0,12.2,0.0,0.0,0.4,81.0
1747113879996,6.8,0.0,18.9,0.0,0.0,0.2,74.0
1747113882006,5.5,0.0,16.8,0.0,0.0,0.6,77.2
1747113884023,5.8,0.0,16.5,0.0,0.0,0.5,77.3
1747113886037,6.2,0.0,12.2,0.0,0.0,0.4,81.1
1747113888047,5.9,0.0,12.3,0.0,0.0,0.3,81.4
1747113890056,6.3,0.0,11.9,0.0,0.0,0.5,81.3
1747113892067,6.8,0.0,12.8,0.0,0.0,0.3,80.1
1747113894077,6.1,0.0,12.8,0.0,0.0,0.4,80.7
1747113896087,6.0,0.0,16.3,0.0,0.0,0.3,77.4
1747113898099,6.6,0.0,12.9,0.0,0.0,0.4,80.1
1747113900112,6.8,0.0,11.8,0.0,0.0,0.4,81.0
1747113902124,7.2,0.0,13.2,0.0,0.0,0.4,79.2
1747113904136,6.6,0.0,12.3,0.0,0.0,0.2,80.8
1747113906149,6.6,0.0,13.2,0.0,0.0,0.3,79.9
1747113908161,6.8,0.0,12.5,0.0,0.0,0.2,80.5
1747113910174,6.5,0.0,12.0,0.0,0.0,0.4,81.1
1747113912187,6.6,0.0,16.5,0.0,0.0,0.4,76.5
1747113914199,7.0,0.0,21.2,0.0,0.0,0.4,71.4
1747113916211,7.0,0.0,21.5,0.0,0.0,0.4,71.0
1747113918222,7.0,0.0,15.4,0.0,0.0,0.3,77.3
1747113920234,6.5,0.0,12.5,0.0,0.0,0.2,80.8
1747113922246,6.5,0.0,11.7,0.0,0.0,0.2,81.5
1747113924258,6.5,0.0,11.8,0.0,0.0,0.2,81.5
1747113926269,6.7,0.0,14.0,0.0,0.0,0.3,78.9
1747113928280,6.6,0.0,11.8,0.0,0.0,0.4,81.2
1747113930290,6.2,0.0,11.1,0.0,0.0,0.3,82.3
1747113932299,6.3,0.0,12.4,0.0,0.0,0.2,81.1
1747113934308,6.1,0.0,12.7,0.0,0.0,0.5,80.7
1747113936318,6.4,0.0,10.9,0.0,0.0,0.4,82.2
1747113938327,6.4,0.0,11.4,0.0,0.0,0.4,81.8
1747113940337,6.6,0.0,14.0,0.0,0.0,0.6,78.8
1747113942347,6.7,0.0,13.2,0.0,0.0,0.5,79.6
1747113944358,6.1,0.0,12.0,0.0,0.0,0.7,81.3
1747113946371,6.7,0.0,14.7,0.0,0.0,0.6,78.1
1747113948383,6.4,0.0,12.5,0.0,0.0,0.5,80.7
1747113950396,6.8,0.0,12.5,0.0,0.0,0.5,80.2
1747113952407,6.3,0.0,12.1,0.0,0.0,0.6,81.0
1747113954419,6.7,0.0,14.7,0.0,0.0,0.6,78.1
1747113956431,6.5,0.0,13.5,0.0,0.0,0.5,79.5
1747113958444,6.6,0.0,19.9,0.0,0.0,0.6,73.0
1747113960455,6.9,0.0,12.0,0.0,0.0,0.5,80.6
1747113962467,6.5,0.0,16.1,0.0,0.0,0.2,77.2
1747113964479,7.0,0.0,15.9,0.0,0.0,0.5,76.7
1747113966490,7.1,0.0,14.4,0.0,0.0,0.3,78.1
1747113968502,6.4,0.0,14.0,0.0,0.0,0.3,79.3
1747113970512,6.8,0.0,14.2,0.0,0.0,0.4,78.5
1747113972524,6.4,0.0,14.4,0.0,0.0,0.3,78.9
1747113974537,6.9,0.0,20.2,0.0,0.0,0.5,72.4
1747113976549,6.3,0.0,14.7,0.0,0.0,0.3,78.7
1747113978560,6.3,0.0,13.7,0.0,0.0,0.2,79.9
1747113980570,6.1,0.0,14.5,0.0,0.0,0.3,79.2
1747113982585,6.0,0.0,14.0,0.0,0.0,0.2,79.7
1747113984596,6.2,0.0,13.9,0.0,0.0,0.2,79.7
1747113986606,6.4,0.0,14.5,0.0,0.0,0.3,78.9
1747113988616,5.9,0.0,13.4,0.0,0.0,0.5,80.2
1747113990625,6.0,0.0,12.4,0.0,0.0,0.4,81.2
1747113992635,6.4,0.0,11.4,0.0,0.0,0.4,81.8
1747113994646,6.7,0.0,11.4,0.0,0.0,0.5,81.5
1747113996659,6.4,0.0,14.0,0.0,0.0,0.4,79.2
1747113998671,6.5,0.0,16.3,0.0,0.0,0.3,76.9
1747114000682,6.8,0.0,12.6,0.0,0.0,0.5,80.1
1747114002694,6.3,0.0,13.3,0.0,0.0,0.4,79.9
1747114004706,6.5,0.0,13.6,0.0,0.0,0.5,79.4
1747114006717,6.7,0.0,11.8,0.0,0.0,0.3,81.2
1747114008729,6.6,0.0,16.6,0.0,0.0,0.3,76.4
1747114010740,6.3,0.0,12.7,0.0,0.0,0.4,80.6
1747114012752,6.8,0.0,14.9,0.0,0.0,0.3,78.0
1747114014764,6.8,0.0,14.9,0.0,0.0,0.5,77.8
1747114016776,6.8,0.0,12.3,0.0,0.0,0.3,80.7
1747114018789,6.6,0.0,13.2,0.0,0.0,0.2,80.0
1747114020801,6.9,0.0,19.0,0.0,0.0,0.4,73.7
1747114022812,6.7,0.0,16.2,0.0,0.0,0.4,76.8
1747114024823,6.5,0.0,15.0,0.0,0.0,0.2,78.3
1747114026835,7.1,0.0,15.6,0.0,0.0,0.3,77.0
1747114028847,6.7,0.0,20.0,0.0,0.0,0.6,72.8
1747114030856,6.3,0.0,11.8,0.0,0.0,0.2,81.7
1747114032866,6.1,0.0,11.6,0.0,0.0,0.5,81.8
1747114034877,6.6,0.0,11.6,0.0,0.0,0.7,81.1
1747114036887,6.7,0.0,12.1,0.0,0.0,0.6,80.6
1747114038900,6.6,0.0,15.2,0.0,0.0,0.6,77.6
1747114040909,6.1,0.0,11.8,0.0,0.0,0.3,81.8
1747114042919,6.6,0.0,12.8,0.0,0.0,0.6,80.0
1747114044929,6.3,0.0,13.5,0.0,0.0,0.4,79.8
1747114046940,6.6,0.0,12.1,0.0,0.0,0.2,81.1
1747114048951,6.6,0.0,15.1,0.0,0.0,0.2,78.1
1747114050964,6.6,0.0,11.7,0.0,0.0,0.4,81.3
1747114052975,6.5,0.0,11.6,0.0,0.0,0.3,81.6
1747114054987,6.2,0.0,14.5,0.0,0.0,0.4,78.9
1747114056999,6.9,0.0,14.5,0.0,0.0,0.5,78.2
1747114059011,6.8,0.0,15.9,0.0,0.0,0.3,77.1
1747114061023,6.8,0.0,17.6,0.0,0.0,0.5,75.1
1747114063034,6.5,0.0,12.8,0.0,0.0,0.4,80.2
1747114065046,6.5,0.0,15.9,0.0,0.0,0.4,77.2
1747114067058,6.8,0.0,13.1,0.0,0.0,0.3,79.8
1747114069070,6.8,0.0,14.4,0.0,0.0,0.4,78.3
1747114071082,6.9,0.0,12.7,0.0,0.0,0.5,79.9
1747114073093,6.7,0.0,15.5,0.0,0.0,0.2,77.5
1747114075105,7.1,0.0,25.4,0.0,0.0,0.2,67.3
1747114077117,6.9,0.0,24.3,0.0,0.0,0.5,68.3
1747114079129,5.7,0.0,19.6,0.0,0.0,0.4,74.3
1747114081154,6.0,0.0,16.1,0.0,0.0,0.6,77.3
1747114083178,6.6,0.0,11.7,0.0,0.0,0.4,81.3
1747114085189,6.9,0.0,13.5,0.0,0.0,0.3,79.2
1747114087199,6.6,0.0,12.1,0.0,0.0,0.2,81.0
1747114089212,6.6,0.0,16.4,0.0,0.0,0.4,76.6
1747114091223,6.2,0.0,12.0,0.0,0.0,0.3,81.5
1747114093236,6.6,0.0,12.2,0.0,0.0,0.3,80.8
1747114095248,6.8,0.0,13.2,0.0,0.0,0.4,79.5
1747114097259,6.5,0.0,14.8,0.0,0.0,0.4,78.3
1747114099271,6.3,0.0,17.8,0.0,0.0,0.3,75.5
1747114101283,6.7,0.0,26.4,0.0,0.0,0.3,66.6
1747114103294,7.2,0.0,25.8,0.0,0.0,0.3,66.7
1747114105305,6.8,0.0,18.7,0.0,0.0,0.4,74.1
1747114107316,6.4,0.0,21.0,0.0,0.0,0.4,72.2
1747114109328,6.5,0.0,21.8,0.0,0.0,0.6,71.0
1747114111345,5.8,0.0,15.2,0.0,0.0,0.4,78.5
1747114113359,6.5,0.0,15.4,0.0,0.0,0.6,77.4
1747114115368,6.3,0.0,12.9,0.0,0.0,0.4,80.4
1747114117379,7.1,0.0,14.1,0.0,0.0,0.4,78.5
1747114119389,6.7,0.0,16.2,0.0,0.0,0.2,76.9
1747114121399,6.4,0.0,11.4,0.0,0.0,0.5,81.6
1747114123409,6.6,0.0,11.1,0.0,0.0,0.4,81.9
1747114125421,7.0,0.0,11.1,0.0,0.0,0.5,81.4
1747114127433,6.8,0.0,11.7,0.0,0.0,0.5,81.0
1747114129445,6.3,0.0,14.5,0.0,0.0,0.2,78.9
1747114131456,6.8,0.0,12.3,0.0,0.0,0.4,80.6
1747114133466,6.4,0.0,12.2,0.0,0.0,0.4,80.9
1747114135475,6.5,0.0,11.7,0.0,0.0,0.2,81.5
1747114137488,6.8,0.0,13.7,0.0,0.0,0.3,79.2
1747114139501,6.9,0.0,11.4,0.0,0.0,0.2,81.4
1747114141513,6.4,0.0,11.8,0.0,0.0,0.4,81.3
1747114143525,6.9,0.0,11.7,0.0,0.0,0.4,81.0
1747114145537,7.2,0.0,11.4,0.0,0.0,0.4,81.1
1747114147549,6.5,0.0,13.1,0.0,0.0,0.2,80.1
1747114149561,7.1,0.0,14.7,0.0,0.0,0.2,78.0
1747114151572,6.7,0.0,13.3,0.0,0.0,0.1,79.8
1747114153583,6.6,0.0,12.4,0.0,0.0,0.3,80.7
1747114155594,6.6,0.0,14.7,0.0,0.0,0.2,78.5
1747114157605,7.4,0.0,12.6,0.0,0.0,0.2,79.8
1747114159616,7.2,0.0,13.1,0.0,0.0,0.3,79.4
1747114161625,7.2,0.0,12.9,0.0,0.0,0.5,79.4
1747114163635,7.3,0.0,11.8,0.0,0.0,0.2,80.6
1747114165644,6.3,0.0,12.1,0.0,0.0,0.2,81.3
1747114167652,6.3,0.0,12.4,0.0,0.0,0.2,81.1
1747114169662,6.7,0.0,11.7,0.0,0.0,0.3,81.3
1747114171672,6.8,0.0,12.7,0.0,0.0,0.4,80.2
1747114173684,6.3,0.0,12.8,0.0,0.0,0.3,80.5
1747114175693,6.3,0.0,13.2,0.0,0.0,0.4,80.0
1747114177704,6.7,0.0,13.1,0.0,0.0,0.3,80.0
1747114179716,6.8,0.0,12.3,0.0,0.0,0.2,80.6
1747114181727,6.4,0.0,12.1,0.0,0.0,0.5,81.0
1747114183738,6.7,0.0,13.2,0.0,0.0,0.4,79.7
1747114185749,6.2,0.0,13.2,0.0,0.0,0.4,80.2
1747114187760,6.4,0.0,13.0,0.0,0.0,0.3,80.3
1747114189770,6.1,0.0,12.8,0.0,0.0,0.2,80.9
1747114191784,6.7,0.0,12.2,0.0,0.0,0.4,80.7
1747114193796,6.9,0.0,11.1,0.0,0.0,0.4,81.6
1747114195808,6.8,0.0,11.5,0.0,0.0,0.5,81.2
1747114197820,6.7,0.0,14.1,0.0,0.0,0.4,78.8
1747114199832,6.5,0.0,12.1,0.0,0.0,0.2,81.1
1747114201844,7.3,0.0,12.1,0.0,0.0,0.3,80.3
1747114203856,6.9,0.0,12.1,0.0,0.0,0.3,80.7
1747114205870,6.6,0.0,12.9,0.0,0.0,0.2,80.3
1747114207884,7.0,0.0,12.3,0.0,0.0,0.4,80.3
1747114209896,7.2,0.0,13.0,0.0,0.0,0.5,79.4
1747114211908,6.8,0.0,13.7,0.0,0.0,0.2,79.3
1747114213920,7.0,0.0,13.6,0.0,0.0,0.3,79.1
1747114215934,6.8,0.0,13.8,0.0,0.0,0.1,79.3
1747114217947,6.1,0.0,13.0,0.0,0.0,0.1,80.8
1747114219959,6.9,0.0,11.6,0.0,0.0,0.2,81.4
1747114221971,7.1,0.0,14.1,0.0,0.0,0.3,78.5
1747114223982,6.6,0.0,12.3,0.0,0.0,0.2,80.9
1747114225991,6.4,0.0,12.2,0.0,0.0,0.2,81.2
1747114228002,7.1,0.0,11.0,0.0,0.0,0.2,81.8
1747114230012,6.4,0.0,11.2,0.0,0.0,0.1,82.4
1747114232022,6.3,0.0,12.1,0.0,0.0,0.3,81.2
1747114234033,7.1,0.0,14.9,0.0,0.0,0.2,77.8
1747114236042,6.2,0.0,10.8,0.0,0.0,0.4,82.6
1747114238053,6.3,0.0,12.2,0.0,0.0,0.4,81.1
1747114240064,6.6,0.0,12.9,0.0,0.0,0.3,80.2
1747114242074,6.1,0.0,12.1,0.0,0.0,0.5,81.3
1747114244086,6.8,0.0,12.4,0.0,0.0,0.6,80.2
1747114246095,6.4,0.0,15.1,0.0,0.0,0.4,78.0
1747114248105,6.4,0.0,12.9,0.0,0.0,0.4,80.3
1747114250116,6.8,0.0,14.5,0.0,0.0,0.3,78.3
1747114252129,6.4,0.0,14.6,0.0,0.0,0.4,78.5
1747114254141,6.6,0.0,13.0,0.0,0.0,0.4,80.1
1747114256155,6.5,0.0,12.3,0.0,0.0,0.5,80.7
1747114258169,7.0,0.0,12.9,0.0,0.0,0.2,79.9
1747114260182,7.2,0.0,14.5,0.0,0.0,0.2,78.0
1747114262195,6.3,0.0,12.3,0.0,0.0,0.2,81.2
1747114264208,6.7,0.0,11.7,0.0,0.0,0.2,81.4
1747114266220,6.5,0.0,12.7,0.0,0.0,0.4,80.5
1747114268233,6.7,0.0,11.8,0.0,0.0,0.3,81.2
1747114270245,6.7,0.0,12.5,0.0,0.0,0.3,80.6
1747114272260,6.7,0.0,11.7,0.0,0.0,0.3,81.2
1747114274272,6.7,0.0,12.0,0.0,0.0,0.2,81.0
1747114276283,6.6,0.0,12.2,0.0,0.0,0.2,81.0
1747114278294,7.1,0.0,13.5,0.0,0.0,0.1,79.3
1747114280307,6.9,0.0,12.2,0.0,0.0,0.1,80.7
1747114282319,6.3,0.0,12.4,0.0,0.0,0.1,81.1
1747114284330,6.3,0.0,11.3,0.0,0.0,0.2,82.1
1747114286342,6.8,0.0,11.8,0.0,0.0,0.3,81.0
1747114288354,6.4,0.0,11.5,0.0,0.0,0.3,81.7
1747114290367,6.5,0.0,14.7,0.0,0.0,0.3,78.4
1747114292377,6.7,0.0,11.9,0.0,0.0,0.2,81.2
1747114294389,6.3,0.0,13.3,0.0,0.0,0.5,80.0
1747114296402,6.9,0.0,14.1,0.0,0.0,0.6,78.4
1747114298411,6.5,0.0,16.0,0.0,0.0,0.2,77.3
1747114300423,6.2,0.0,15.1,0.0,0.0,0.4,78.3
1747114302435,6.6,0.0,17.1,0.0,0.0,0.3,76.0
1747114304445,6.2,0.0,19.8,0.0,0.0,0.5,73.5
1747114306456,6.8,0.0,17.0,0.0,0.0,0.3,76.0
1747114308468,6.6,0.0,13.6,0.0,0.0,0.5,79.3
1747114310481,6.6,0.0,13.2,0.0,0.0,0.3,79.8
1747114312493,6.9,0.0,14.2,0.0,0.0,0.3,78.5
1747114314506,7.1,0.0,11.9,0.0,0.0,0.3,80.7
1747114316519,6.6,0.0,13.9,0.0,0.0,0.4,79.0
1747114318531,7.4,0.0,11.9,0.0,0.0,0.2,80.5
1747114320544,6.7,0.0,13.5,0.0,0.0,0.3,79.5
1747114322559,6.7,0.0,12.8,0.0,0.0,0.3,80.2
1747114324572,6.6,0.0,16.4,0.0,0.0,0.2,76.8
1747114326585,6.8,0.0,17.8,0.0,0.0,0.3,75.1
1747114328598,6.9,0.0,13.3,0.0,0.0,0.2,79.5
1747114330609,6.8,0.0,13.4,0.0,0.0,0.2,79.4
1747114332621,6.9,0.0,11.9,0.0,0.0,0.1,81.0
1747114334632,6.8,0.0,12.1,0.0,0.0,0.3,80.8
1747114336642,6.6,0.0,12.8,0.0,0.0,0.6,80.1
1747114338652,6.7,0.0,12.5,0.0,0.0,0.2,80.5
1747114340663,6.7,0.0,10.7,0.0,0.0,0.3,82.4
1747114342671,7.0,0.0,11.9,0.0,0.0,0.3,80.9
1747114344681,6.8,0.0,11.3,0.0,0.0,0.3,81.5
1747114346691,6.2,0.0,12.5,0.0,0.0,0.2,81.1
1747114348703,6.7,0.0,10.9,0.0,0.0,0.4,82.0
1747114350715,6.9,0.0,14.9,0.0,0.0,0.3,78.0
1747114352727,6.5,0.0,11.9,0.0,0.0,0.3,81.3
1747114354738,6.3,0.0,12.5,0.0,0.0,0.4,80.8
1747114356749,7.0,0.0,12.9,0.0,0.0,0.2,79.9
1747114358761,6.0,0.0,11.2,0.0,0.0,0.2,82.5
1747114360771,6.3,0.0,14.8,0.0,0.0,0.4,78.4
1747114362781,6.6,0.0,12.6,0.0,0.0,0.3,80.6
1747114364794,6.9,0.0,15.8,0.0,0.0,0.2,77.0
1747114366808,6.5,0.0,17.6,0.0,0.0,0.4,75.4
1747114368820,6.8,0.0,13.3,0.0,0.0,0.3,79.6
1747114370832,7.4,0.0,11.9,0.0,0.0,0.1,80.6
1747114372843,6.9,0.0,12.8,0.0,0.0,0.1,80.2
1747114374856,6.8,0.0,14.3,0.0,0.0,0.3,78.7
1747114376868,7.0,0.0,13.4,0.0,0.0,0.2,79.4
1747114378879,6.9,0.0,12.2,0.0,0.0,0.1,80.8
1747114380892,6.8,0.0,13.6,0.0,0.0,0.2,79.5
1747114382903,6.8,0.0,12.6,0.0,0.0,0.3,80.4
1747114384915,6.6,0.0,12.4,0.0,0.0,0.1,80.9
1747114386928,6.9,0.0,11.8,0.0,0.0,0.2,81.1
1747114388941,6.8,0.0,11.7,0.0,0.0,0.1,81.4
1747114390953,6.7,0.0,12.0,0.0,0.0,0.6,80.6
1747114392965,7.1,0.0,13.9,0.0,0.0,0.2,78.8
1747114394978,6.9,0.0,13.5,0.0,0.0,0.1,79.5
1747114396989,6.5,0.0,14.0,0.0,0.0,0.1,79.4
1747114398997,6.2,0.0,18.0,0.0,0.0,0.2,75.6
1747114401011,6.6,0.0,14.2,0.0,0.0,0.2,79.0
1747114403020,6.1,0.0,13.2,0.0,0.0,0.2,80.4
1747114405031,6.5,0.0,15.6,0.0,0.0,0.2,77.7
1747114407044,6.5,0.0,12.4,0.0,0.0,0.2,80.9
1747114409056,6.5,0.0,12.4,0.0,0.0,0.2,80.8
1747114411067,6.5,0.0,11.5,0.0,0.0,0.2,81.9
1747114413078,6.7,0.0,11.5,0.0,0.0,0.2,81.5
1747114415090,6.9,0.0,11.3,0.0,0.0,0.2,81.5
1747114417101,6.9,0.0,11.1,0.0,0.0,0.2,81.8
1747114419111,6.9,0.0,13.5,0.0,0.0,0.4,79.2
1747114421123,6.9,0.0,11.9,0.0,0.0,0.2,80.9
1747114423135,6.7,0.0,11.6,0.0,0.0,0.1,81.6
1747114425148,6.8,0.0,12.2,0.0,0.0,0.1,80.9
1747114427161,6.9,0.0,12.9,0.0,0.0,0.3,79.8
1747114429173,6.8,0.0,14.0,0.0,0.0,0.1,79.1
1747114431186,7.5,0.0,12.1,0.0,0.0,0.1,80.3
1747114433197,7.0,0.0,13.1,0.0,0.0,0.4,79.4
1747114435208,6.6,0.0,15.6,0.0,0.0,0.3,77.5
1747114437217,6.6,0.0,14.2,0.0,0.0,0.0,79.2
1747114439230,7.1,0.0,12.2,0.0,0.0,0.5,80.2
1747114441245,6.6,0.0,14.6,0.0,0.0,0.2,78.5
1747114443257,6.8,0.0,17.0,0.0,0.0,0.2,76.0
1747114445269,7.1,0.0,13.8,0.0,0.0,0.1,79.1
1747114447281,7.0,0.0,14.1,0.0,0.0,0.2,78.8
1747114449294,7.0,0.0,15.3,0.0,0.0,0.4,77.3
1747114451306,6.4,0.0,12.7,0.0,0.0,0.2,80.7
1747114453314,6.8,0.0,11.1,0.0,0.0,0.1,81.9
1747114455323,6.9,0.0,11.7,0.0,0.0,0.1,81.3
1747114457333,6.7,0.0,12.2,0.0,0.0,0.3,80.9
1747114459342,6.6,0.0,12.5,0.0,0.0,0.2,80.7
1747114461355,6.2,0.0,12.3,0.0,0.0,0.3,81.1
1747114463364,7.0,0.0,11.2,0.0,0.0,0.3,81.5
1747114465376,6.8,0.0,10.9,0.0,0.0,0.2,82.2
1747114467387,6.5,0.0,11.5,0.0,0.0,0.4,81.6
1747114469400,6.6,0.0,11.9,0.0,0.0,0.3,81.2
1747114471411,6.3,0.0,13.0,0.0,0.0,0.5,80.1
1747114473424,6.9,0.0,13.2,0.0,0.0,0.3,79.5
1747114475433,6.3,0.0,11.5,0.0,0.0,0.3,81.8
1747114477443,6.6,0.0,12.1,0.0,0.0,0.4,80.9
1747114479453,6.0,0.0,12.4,0.0,0.0,0.4,81.2
1747114481466,6.9,0.0,11.7,0.0,0.0,0.6,80.9
1747114483480,6.5,0.0,15.1,0.0,0.0,0.2,78.3
1747114485493,6.6,0.0,13.7,0.0,0.0,0.3,79.4
1747114487505,6.4,0.0,13.9,0.0,0.0,0.3,79.3
1747114489518,7.4,0.0,14.1,0.0,0.0,0.2,78.3
1747114491530,6.7,0.0,12.9,0.0,0.0,0.4,80.0
1747114493543,6.7,0.0,12.9,0.0,0.0,0.1,80.3
1747114495555,7.5,0.0,12.2,0.0,0.0,0.3,80.0
1747114497567,6.9,0.0,13.1,0.0,0.0,0.2,79.9
1747114499580,6.9,0.0,15.0,0.0,0.0,0.3,77.9
1747114501592,6.9,0.0,12.6,0.0,0.0,0.1,80.4
1747114503603,7.1,0.0,12.1,0.0,0.0,0.3,80.5
1747114505614,7.1,0.0,13.5,0.0,0.0,0.1,79.3
1747114507624,7.0,0.0,15.5,0.0,0.0,0.2,77.3
1747114509634,6.6,0.0,20.6,0.0,0.0,0.2,72.7
1747114511651,5.9,0.0,11.9,0.0,0.0,0.3,81.9
1747114513667,6.2,0.0,12.5,0.0,0.0,0.2,81.1
1747114515677,6.8,0.0,14.2,0.0,0.0,0.2,78.7
1747114517687,6.7,0.0,11.4,0.0,0.0,0.4,81.5
1747114519700,6.7,0.0,14.7,0.0,0.0,0.2,78.4
1747114521710,6.5,0.0,13.6,0.0,0.0,0.3,79.5
1747114523721,6.6,0.0,13.8,0.0,0.0,0.2,79.4
1747114525733,7.0,0.0,17.8,0.0,0.0,0.3,75.0
1747114527743,6.5,0.0,12.8,0.0,0.0,0.2,80.5
1747114529753,6.2,0.0,13.6,0.0,0.0,0.2,80.0
1747114531763,6.9,0.0,12.6,0.0,0.0,0.3,80.2
1747114533775,6.5,0.0,12.2,0.0,0.0,0.3,80.9
1747114535787,7.1,0.0,12.9,0.0,0.0,0.2,79.8
1747114537800,6.8,0.0,15.5,0.0,0.0,0.2,77.5
1747114539813,6.6,0.0,18.7,0.0,0.0,0.3,74.4
1747114541825,6.8,0.0,14.2,0.0,0.0,0.2,78.7
1747114543838,6.9,0.0,13.6,0.0,0.0,0.1,79.4
1747114545850,7.3,0.0,13.5,0.0,0.0,0.2,79.0
1747114547863,6.7,0.0,14.7,0.0,0.0,0.2,78.4
1747114549876,6.8,0.0,14.1,0.0,0.0,0.3,78.8
1747114551888,6.9,0.0,14.1,0.0,0.0,0.1,78.9
1747114553902,7.2,0.0,16.4,0.0,0.0,0.1,76.3
1747114555914,6.8,0.0,15.9,0.0,0.0,0.2,77.1
1747114557928,7.3,0.0,17.2,0.0,0.0,0.3,75.2
1747114559940,6.8,0.0,12.1,0.0,0.0,0.3,80.8
1747114561950,6.9,0.0,11.7,0.0,0.0,0.2,81.2
1747114563961,6.5,0.0,11.9,0.0,0.0,0.4,81.2
1747114565971,6.7,0.0,11.4,0.0,0.0,0.2,81.7
1747114567980,6.0,0.0,11.2,0.0,0.0,0.3,82.5
1747114569990,6.1,0.0,13.2,0.0,0.0,0.1,80.6
1747114571998,6.5,0.0,15.5,0.0,0.0,0.3,77.7
1747114574011,6.2,0.0,13.3,0.0,0.0,0.4,80.1
1747114576024,5.8,0.0,11.4,0.0,0.0,0.4,82.5
1747114578035,6.3,0.0,14.0,0.0,0.0,0.7,79.0
1747114580045,6.2,0.0,16.0,0.0,0.0,0.4,77.4
1747114582057,6.8,0.0,13.3,0.0,0.0,0.3,79.6
1747114584069,6.6,0.0,11.5,0.0,0.0,0.5,81.4
1747114586081,7.0,0.0,11.4,0.0,0.0,0.3,81.3
1747114588094,6.4,0.0,11.6,0.0,0.0,0.3,81.6
1747114590106,6.7,0.0,11.6,0.0,0.0,0.3,81.4
1747114592118,6.5,0.0,13.3,0.0,0.0,0.3,79.8
1747114594129,6.2,0.0,22.3,0.0,0.0,0.4,71.1
1747114596141,7.0,0.0,13.8,0.0,0.0,0.2,78.9
1747114598153,6.8,0.0,13.9,0.0,0.0,0.3,79.1
1747114600164,6.8,0.0,20.3,0.0,0.0,0.3,72.5
1747114602177,6.8,0.0,13.3,0.0,0.0,0.4,79.5
1747114604187,6.7,0.0,11.8,0.0,0.0,0.5,81.0
1747114606199,6.7,0.0,12.7,0.0,0.0,0.3,80.3
1747114608212,7.6,0.0,15.9,0.0,0.0,0.5,76.0
1747114610224,7.0,0.0,19.2,0.0,0.0,0.5,73.3
1747114612236,6.5,0.0,13.0,0.0,0.0,0.5,80.0
1747114614246,6.8,0.0,11.2,0.0,0.0,0.4,81.6
1747114616253,6.6,0.0,12.2,0.0,0.0,0.2,80.9
1747114618263,6.2,0.0,13.6,0.0,0.0,0.3,79.9
1747114620273,6.1,0.0,15.2,0.0,0.0,0.2,78.4
1747114622284,6.7,0.0,17.1,0.0,0.0,0.2,76.0
1747114624292,6.4,0.0,14.7,0.0,0.0,0.5,78.4
1747114626303,6.3,0.0,16.1,0.0,0.0,0.3,77.2
1747114628314,6.9,0.0,17.1,0.0,0.0,0.4,75.6
1747114630323,6.2,0.0,13.1,0.0,0.0,0.5,80.3
1747114632336,6.9,0.0,12.4,0.0,0.0,0.4,80.3
1747114634348,6.8,0.0,12.6,0.0,0.0,0.4,80.2
1747114636359,6.3,0.0,16.7,0.0,0.0,0.2,76.8
1747114638370,6.7,0.0,13.4,0.0,0.0,0.3,79.7
1747114640381,6.6,0.0,12.5,0.0,0.0,0.3,80.6
1747114642394,6.8,0.0,15.2,0.0,0.0,0.3,77.7
1747114644406,7.1,0.0,20.4,0.0,0.0,0.3,72.2
1747114646417,6.4,0.0,13.5,0.0,0.0,0.3,79.8
1747114648430,6.5,0.0,13.8,0.0,0.0,0.6,79.1
1747114650442,7.1,0.0,11.9,0.0,0.0,0.2,80.8
1747114652453,6.8,0.0,17.0,0.0,0.0,0.3,75.9
1747114654465,6.8,0.0,12.6,0.0,0.0,0.2,80.4
1747114656475,6.8,0.0,12.4,0.0,0.0,0.3,80.5
1747114658486,6.7,0.0,17.9,0.0,0.0,0.3,75.2
1747114660499,6.1,0.0,12.4,0.0,0.0,0.3,81.3
1747114662512,6.6,0.0,12.3,0.0,0.0,0.2,80.9
1747114664524,6.9,0.0,12.9,0.0,0.0,0.2,80.0
1747114666534,6.5,0.0,12.6,0.0,0.0,0.4,80.5
1747114668543,6.8,0.0,20.6,0.0,0.0,0.2,72.4
1747114670553,5.7,0.0,13.1,0.0,0.0,0.5,80.7
1747114672565,6.4,0.0,15.4,0.0,0.0,0.3,77.9
1747114674574,6.2,0.0,14.1,0.0,0.0,0.4,79.3
1747114676584,6.4,0.0,10.8,0.0,0.0,0.5,82.3
1747114678595,6.2,0.0,17.2,0.0,0.0,0.5,76.1
1747114680609,6.5,0.0,14.7,0.0,0.0,0.5,78.3
1747114682620,6.8,0.0,13.3,0.0,0.0,0.2,79.7
1747114684631,6.7,0.0,13.5,0.0,0.0,0.4,79.5
1747114686644,7.0,0.0,13.1,0.0,0.0,0.4,79.5
1747114688656,6.6,0.0,12.6,0.0,0.0,0.5,80.2
1747114690668,6.9,0.0,14.4,0.0,0.0,0.2,78.4
1747114692679,6.7,0.0,14.4,0.0,0.0,0.3,78.6
1747114694690,6.6,0.0,13.9,0.0,0.0,0.1,79.4
1747114696702,6.5,0.0,16.1,0.0,0.0,0.3,77.1
1747114698713,7.3,0.0,12.7,0.0,0.0,0.1,79.8
1747114700724,7.2,0.0,13.7,0.0,0.0,0.3,78.8
1747114702737,6.6,0.0,11.3,0.0,0.0,0.3,81.8
1747114704749,6.9,0.0,12.3,0.0,0.0,0.4,80.4
1747114706761,6.8,0.0,14.0,0.0,0.0,0.3,78.8
1747114708772,7.1,0.0,13.8,0.0,0.0,0.5,78.7
1747114710783,6.8,0.0,13.8,0.0,0.0,0.2,79.2
1747114712795,6.8,0.0,12.9,0.0,0.0,0.5,79.8
1747114714806,7.0,0.0,15.0,0.0,0.0,0.2,77.8
1747114716816,6.5,0.0,12.9,0.0,0.0,0.2,80.4
1747114718824,6.6,0.0,12.1,0.0,0.0,0.4,81.0
1747114720834,6.8,0.0,12.0,0.0,0.0,0.4,80.8
1747114722843,6.9,0.0,12.2,0.0,0.0,0.2,80.7
1747114724853,6.4,0.0,12.2,2.6,0.0,0.4,78.4
1747114726863,6.7,0.0,12.6,0.0,0.0,0.4,80.3
1747114728873,6.3,0.0,12.2,0.0,0.0,0.4,81.0
1747114730881,6.5,0.0,11.3,1.9,0.0,0.4,80.0
1747114732890,6.4,0.0,11.4,0.0,0.0,0.3,81.8
1747114734905,6.3,0.0,11.6,0.0,0.0,0.2,81.9
1747114736915,6.9,0.0,11.7,0.0,0.0,0.3,81.2
1747114738926,6.7,0.0,11.6,0.0,0.0,0.3,81.3
1747114740937,6.4,0.0,12.7,0.0,0.0,0.3,80.6
1747114742949,6.6,0.0,12.3,0.0,0.0,0.3,80.8
1747114744960,6.9,0.0,13.0,0.0,0.0,0.4,79.6
1747114746971,7.0,0.0,12.1,0.0,0.0,0.4,80.5
1747114748983,7.2,0.0,15.4,0.0,0.0,0.3,77.1
1747114750994,6.8,0.0,12.5,0.0,0.0,0.4,80.3
1747114753006,6.6,0.0,12.8,0.0,0.0,0.3,80.2
1747114755018,6.9,0.0,18.0,0.0,0.0,0.3,74.8
1747114757029,7.2,0.0,15.0,0.0,0.0,0.3,77.5
1747114759039,6.9,0.0,13.3,0.0,0.0,0.2,79.6
1747114761049,6.3,0.0,11.9,0.0,0.0,0.5,81.2
1747114763063,7.1,0.0,11.7,0.0,0.0,0.3,80.9
1747114765078,7.0,0.0,14.2,0.0,0.0,0.3,78.5
1747114767091,6.4,0.0,19.6,0.0,0.0,0.4,73.6
1747114769104,6.9,0.0,19.0,0.0,0.0,0.4,73.7
1747114771115,7.2,0.0,13.0,0.0,0.0,0.2,79.5
1747114773126,6.5,0.0,11.0,0.0,0.0,0.3,82.1
1747114775136,6.4,0.0,11.6,0.0,0.0,0.3,81.8
1747114777146,6.2,0.0,12.4,0.0,0.0,0.4,81.0
1747114779156,6.4,0.0,13.5,0.0,0.0,0.4,79.7
1747114781165,6.1,0.0,14.0,0.0,0.0,0.2,79.7
1747114783176,6.9,0.0,15.6,0.0,0.0,0.5,77.0
1747114785190,6.5,0.0,16.0,0.0,0.0,0.5,77.0
1747114787201,6.5,0.0,13.5,0.0,0.0,0.3,79.6
1747114789215,6.8,0.0,11.4,0.0,0.0,0.4,81.4
1747114791227,6.5,0.0,12.4,0.0,0.0,0.6,80.5
1747114793239,6.8,0.0,17.4,0.0,0.0,0.4,75.4
1747114795251,6.7,0.0,16.2,0.0,0.0,0.3,76.8
1747114797264,6.7,0.0,11.1,0.0,0.0,0.4,81.8
1747114799276,6.7,0.0,11.5,0.0,0.0,0.6,81.3
1747114801289,6.4,0.0,12.4,0.0,0.0,0.2,81.0
1747114803301,6.3,0.0,12.2,0.0,0.0,0.1,81.3
1747114805312,6.9,0.0,12.0,0.0,0.0,0.2,80.9
1747114807324,7.0,0.0,18.2,0.0,0.0,0.3,74.5
1747114809336,6.6,0.0,15.7,0.0,0.0,0.3,77.3
1747114811349,6.6,0.0,14.9,0.0,0.0,0.4,78.1
1747114813363,6.8,0.0,12.3,0.0,0.0,0.3,80.6
1747114815375,6.5,0.0,13.0,0.0,0.0,0.2,80.2
1747114817387,6.3,0.0,12.8,0.0,0.0,0.3,80.6
1747114819400,6.6,0.0,22.8,0.0,0.0,0.1,70.4
1747114821409,6.6,0.0,23.3,0.0,0.0,0.4,69.7
1747114823419,6.4,0.0,20.2,0.0,0.0,0.4,73.0
1747114825430,6.5,0.0,13.8,0.0,0.0,0.3,79.4
1747114827440,6.2,0.0,12.1,0.0,0.0,0.4,81.3
1747114829449,5.9,0.0,12.6,0.0,0.0,0.6,80.9
1747114831461,6.1,0.0,14.1,0.0,0.0,0.4,79.4
1747114833471,6.3,0.0,14.9,0.0,0.0,0.6,78.2
1747114835494,5.7,0.0,12.0,0.0,0.0,0.5,81.8
1747114837517,6.5,0.0,15.1,0.0,0.0,0.3,78.1
1747114839528,6.6,0.0,12.1,0.0,0.0,0.3,81.0
1747114841540,6.4,0.0,11.8,0.0,0.0,0.8,81.0
1747114843552,6.7,0.0,12.8,0.0,0.0,0.4,80.2
1747114845565,6.8,0.0,12.2,0.0,0.0,0.2,80.9
1747114847577,6.6,0.0,16.8,0.0,0.0,0.5,76.1
1747114849588,6.6,0.0,12.4,0.0,0.0,0.5,80.5
1747114851599,6.5,0.0,13.6,0.0,0.0,0.6,79.3
1747114853612,6.7,0.0,11.4,0.0,0.0,0.4,81.5
1747114855624,6.0,0.0,12.2,0.0,0.0,0.5,81.3
1747114857636,6.6,0.0,11.5,0.0,0.0,0.3,81.6
1747114859648,6.7,0.0,22.4,0.0,0.0,0.2,70.6
1747114861660,6.7,0.0,20.8,0.0,0.0,0.2,72.3
1747114863672,6.5,0.0,25.6,0.0,0.0,0.3,67.5
1747114865684,7.3,0.0,14.1,0.0,0.0,0.2,78.4
1747114867696,6.5,0.0,13.0,0.0,0.0,0.4,80.0
1747114869706,6.9,0.0,14.0,0.0,0.0,0.3,78.8
1747114871716,6.4,0.0,13.2,0.0,0.0,0.3,80.1
1747114873727,6.0,0.0,17.9,0.0,0.0,0.4,75.6
1747114875735,6.3,0.0,14.8,0.0,0.0,0.4,78.4
1747114877746,5.8,0.0,13.8,0.0,0.0,0.3,80.1
1747114879756,6.2,0.0,15.0,0.0,0.0,0.4,78.4
1747114881766,6.3,0.0,13.5,0.0,0.0,0.6,79.6
1747114883776,6.7,0.0,13.6,0.0,0.0,0.3,79.3
1747114885788,6.6,0.0,16.0,0.0,0.0,0.3,77.1
1747114887800,6.7,0.0,14.6,0.0,0.0,0.2,78.4
1747114889811,6.7,0.0,21.6,0.0,0.0,0.3,71.4
1747114891823,6.4,0.0,18.5,0.0,0.0,0.4,74.7
1747114893834,6.7,0.0,20.3,0.0,0.0,0.4,72.6
1747114895845,6.4,0.0,12.2,0.0,0.0,0.5,80.9
1747114897858,6.3,0.0,11.6,0.0,0.0,0.3,81.8
1747114899870,6.7,0.0,13.8,0.0,0.0,0.5,79.0
1747114901882,6.3,0.0,13.3,0.0,0.0,0.5,79.9
1747114903893,6.8,0.0,11.9,0.0,0.0,0.3,80.9
1747114905905,6.8,0.0,14.8,0.0,0.0,0.3,78.0
1747114907917,6.8,0.0,14.1,0.0,0.0,0.6,78.5
1747114909928,6.6,0.0,21.9,0.0,0.0,0.3,71.2
1747114911940,6.3,0.0,14.9,0.0,0.0,0.4,78.3
1747114913952,6.5,0.0,12.2,0.0,0.0,0.4,80.9
1747114915964,6.0,0.0,11.3,0.0,0.0,0.3,82.4
1747114917973,6.0,0.0,11.3,0.0,0.0,0.6,82.2
1747114919982,5.8,0.0,11.2,0.0,0.0,0.5,82.5
1747114921993,6.5,0.0,11.4,0.0,0.0,0.4,81.6
1747114924002,6.1,0.0,11.2,0.0,0.0,0.2,82.6
1747114926012,6.5,0.0,14.2,0.0,0.0,0.2,79.1
1747114928023,5.7,0.0,13.1,0.0,0.0,0.3,80.8
1747114930051,6.7,0.0,25.5,0.0,0.0,0.4,67.5
1747114932064,7.0,0.0,23.8,0.0,0.0,0.2,68.9
1747114934076,6.6,0.0,14.6,0.0,0.0,0.4,78.3
1747114936087,7.4,0.0,19.1,0.0,0.0,0.2,73.3
1747114938099,6.6,0.0,11.3,0.0,0.0,0.5,81.6
1747114940110,6.8,0.0,11.9,0.0,0.0,0.3,80.9
1747114942122,6.9,0.0,13.4,0.0,0.0,0.4,79.3
1747114944132,6.8,0.0,12.4,0.0,0.0,0.5,80.2
1747114946144,6.8,0.0,11.8,0.0,0.0,0.3,81.1
1747114948156,6.3,0.0,12.2,0.0,0.0,0.2,81.2
1747114950168,6.3,0.0,13.8,0.0,0.0,0.5,79.4
1747114952180,6.8,0.0,13.2,0.0,0.0,0.5,79.5
1747114954191,6.5,0.0,16.9,0.0,0.0,0.3,76.2
1747114956203,7.0,0.0,14.1,0.0,0.0,0.2,78.7
1747114958214,6.2,0.0,15.6,0.0,0.0,0.3,77.8
1747114960226,6.6,0.0,21.4,0.0,0.0,0.3,71.7
1747114962236,6.7,0.0,16.4,0.0,0.0,0.4,76.4
1747114964245,6.1,0.0,14.1,0.0,0.0,0.4,79.4
1747114966254,6.2,0.0,15.7,0.0,0.0,0.2,77.8
1747114968265,6.5,0.0,12.4,0.0,0.0,0.4,80.7
1747114970274,6.4,0.0,13.9,0.0,0.0,0.4,79.3
1747114972285,6.7,0.0,13.8,0.0,0.0,0.6,78.9
1747114974293,5.9,0.0,13.4,0.0,0.0,0.2,80.5
1747114976304,6.1,0.0,11.1,0.0,0.0,0.5,82.3
1747114978315,6.5,0.0,14.2,0.0,0.0,0.3,79.1
1747114980327,6.8,0.0,14.0,0.0,0.0,0.2,78.9
1747114982338,6.3,0.0,13.3,0.0,0.0,0.4,80.0
1747114984348,7.1,0.0,12.0,0.0,0.0,0.4,80.5
1747114986358,6.2,0.0,12.7,0.0,0.0,0.5,80.6
1747114988370,6.3,0.0,15.4,0.0,0.0,0.5,77.9
1747114990383,6.7,0.0,14.5,0.0,0.0,0.3,78.5
1747114992397,6.6,0.0,18.9,0.0,0.0,0.3,74.1
1747114994409,7.0,0.0,12.7,0.0,0.0,0.3,80.0
1747114996421,6.7,0.0,12.5,0.0,0.0,0.4,80.4
1747114998434,6.9,0.0,14.5,0.0,0.0,0.5,78.2
1747115000445,6.8,0.0,11.8,0.0,0.0,0.3,81.2
1747115002457,6.6,0.0,12.8,0.0,0.0,0.3,80.3
1747115004468,7.1,0.0,12.7,0.0,0.0,0.3,79.9
1747115006479,6.9,0.0,11.6,0.0,0.0,0.3,81.2
1747115008492,6.5,0.0,12.5,0.0,0.0,0.3,80.7
1747115010504,6.6,0.0,12.7,0.0,0.0,0.1,80.6
1747115012516,6.5,0.0,12.3,0.0,0.0,0.1,81.2
1747115014527,6.7,0.0,15.8,0.0,0.0,0.3,77.3
1747115016539,6.6,0.0,13.9,0.0,0.0,0.3,79.2
1747115018548,6.8,0.0,12.8,0.0,0.0,0.2,80.2
1747115020557,6.2,0.0,13.5,0.0,0.0,0.2,80.1
1747115022566,6.1,0.0,14.1,0.0,0.0,0.2,79.5
1747115024575,6.2,0.0,20.7,0.0,0.0,0.3,72.7
1747115026584,6.0,0.0,15.6,0.0,0.0,0.4,78.0
1747115028595,6.4,0.0,13.3,0.0,0.0,0.4,80.0
1747115030606,6.2,0.0,15.7,0.0,0.0,0.3,77.9
1747115032617,6.6,0.0,16.6,0.0,0.0,0.4,76.5
1747115034627,7.2,0.0,15.8,0.0,0.0,0.4,76.7
1747115036638,6.8,0.0,14.7,0.0,0.0,0.5,78.1
1747115038649,6.6,0.0,12.7,0.0,0.0,0.2,80.5
1747115040661,7.2,0.0,11.3,0.0,0.0,0.5,80.9
1747115042673,6.4,0.0,12.0,0.0,0.0,0.6,81.0
1747115044684,6.7,0.0,12.9,0.0,0.0,0.4,80.0
1747115046697,6.6,0.0,12.6,0.0,0.0,0.3,80.5
1747115048709,6.7,0.0,13.5,0.0,0.0,0.2,79.6
1747115050721,6.8,0.0,16.8,0.0,0.0,0.4,76.0
1747115052733,7.0,0.0,15.3,0.0,0.0,0.4,77.3
1747115054744,7.0,0.0,14.8,0.0,0.0,0.1,78.1
1747115056756,6.7,0.0,13.0,0.0,0.0,0.2,80.2
1747115058767,6.9,0.0,17.0,0.0,0.0,0.5,75.6
1747115060778,6.6,0.0,12.9,0.0,0.0,0.3,80.1
1747115062788,6.3,0.0,13.0,0.0,0.0,0.5,80.3
1747115064795,6.2,0.0,12.8,0.0,0.0,0.1,80.9
1747115066805,6.9,0.0,12.7,0.0,0.0,0.2,80.2
1747115068814,6.8,0.0,11.8,0.0,0.0,0.5,80.9
1747115070824,7.0,0.0,13.3,0.0,0.0,0.4,79.3
1747115072835,6.7,0.0,13.3,0.0,0.0,0.2,79.8
1747115074847,6.5,0.0,12.3,0.0,0.0,0.1,81.0
1747115076857,6.4,0.0,11.1,0.0,0.0,0.1,82.4
1747115078867,7.0,0.0,13.1,0.0,0.0,0.3,79.6
1747115080878,6.3,0.0,12.7,0.0,0.0,0.2,80.8
1747115082890,6.8,0.0,12.1,0.0,0.0,0.2,80.9
1747115084902,7.2,0.0,13.0,0.0,0.0,0.3,79.4
1747115086913,6.5,0.0,12.4,0.0,0.0,0.3,80.8
1747115088923,7.0,0.0,11.6,0.0,0.0,0.5,80.8
1747115090934,7.0,0.0,11.0,0.0,0.0,0.3,81.7
1747115092946,6.9,0.0,12.1,0.0,0.0,0.3,80.7
1747115094958,7.0,0.0,12.3,0.0,0.0,0.2,80.4
1747115096970,7.2,0.0,11.6,0.0,0.0,0.2,81.0
1747115098982,7.2,0.0,11.5,0.0,0.0,0.3,81.0
1747115100994,7.2,0.0,12.3,0.0,0.0,0.1,80.3
1747115103006,7.0,0.0,13.3,0.0,0.0,0.2,79.5
1747115105018,7.2,0.0,11.4,0.0,0.0,0.4,81.0
1747115107030,6.2,0.0,17.1,0.0,0.0,0.2,76.5
1747115109043,6.8,0.0,12.8,0.0,0.0,0.1,80.3
1747115111055,7.1,0.0,13.9,0.0,0.0,0.5,78.4
1747115113068,7.0,0.0,11.4,0.0,0.0,0.2,81.3
1747115115080,6.8,0.0,11.1,0.0,0.0,0.3,81.7
1747115117092,6.8,0.0,11.8,0.0,0.0,0.3,81.1
1747115119103,6.4,0.0,12.8,0.0,0.0,0.4,80.3
1747115121114,6.8,0.0,12.8,0.0,0.0,0.5,80.0
1747115123126,6.9,0.0,13.0,0.0,0.0,0.3,79.8
1747115125137,6.7,0.0,11.8,0.0,0.0,0.4,81.1
1747115127146,6.3,0.0,11.9,0.0,0.0,0.1,81.7
1747115129155,6.7,0.0,13.1,0.0,0.0,0.2,79.9
1747115131165,6.5,0.0,12.1,0.0,0.0,0.2,81.1
1747115133175,6.6,0.0,12.6,0.0,0.0,0.2,80.6
1747115135185,6.3,0.0,11.6,0.0,0.0,0.3,81.9
1747115137195,6.6,0.0,12.2,0.0,0.0,0.3,81.0
1747115139206,6.4,0.0,11.6,0.0,0.0,0.2,81.8
1747115141215,6.7,0.0,11.3,0.0,0.0,0.2,81.7
1747115143224,6.5,0.0,12.8,0.0,0.0,0.4,80.4
1747115145235,6.8,0.0,12.3,0.0,0.0,0.4,80.5
1747115147247,6.9,0.0,13.3,0.0,0.0,0.3,79.4
1747115149260,6.8,0.0,11.5,0.0,0.0,0.4,81.3
1747115151273,6.9,0.0,14.7,0.0,0.0,0.2,78.3
1747115153285,6.5,0.0,12.0,0.0,0.0,0.2,81.4
1747115155298,7.0,0.0,11.7,0.0,0.0,0.3,81.0
1747115157311,6.5,0.0,16.6,0.0,0.0,0.3,76.6
1747115159324,6.4,0.0,12.3,0.0,0.0,0.3,80.9
1747115161336,6.9,0.0,13.6,0.0,0.0,0.2,79.3
1747115163348,6.5,0.0,11.7,0.0,0.0,0.2,81.5
1747115165361,6.9,0.0,11.6,0.0,0.0,0.4,81.1
1747115167372,6.7,0.0,11.8,0.0,0.0,0.4,81.1
1747115169385,6.6,0.0,14.6,0.0,0.0,0.2,78.7
1747115171399,7.0,0.0,15.2,0.0,0.0,0.2,77.5
1747115173413,6.9,0.0,13.9,0.0,0.0,0.2,79.0
1747115175428,6.8,0.0,12.2,0.0,0.0,0.3,80.7
1747115177441,6.9,0.0,13.1,0.0,0.0,0.2,79.9
1747115179453,6.4,0.0,12.8,0.0,0.0,0.2,80.7
1747115181466,7.3,0.0,12.2,0.0,0.0,0.4,80.1
1747115183478,6.6,0.0,13.2,0.0,0.0,0.3,79.8
1747115185489,6.2,0.0,11.6,0.0,0.0,0.3,81.8
1747115187498,6.4,0.0,12.7,0.0,0.0,0.3,80.5
1747115189508,6.4,0.0,11.3,0.0,0.0,0.2,82.1
1747115191520,6.8,0.0,12.7,0.0,0.0,0.4,80.2
1747115193530,6.2,0.0,10.8,0.0,0.0,0.5,82.5
1747115195539,6.0,0.0,11.8,0.0,0.0,0.3,81.9
1747115197549,6.0,0.0,12.7,0.0,0.0,0.3,81.0
1747115199558,6.0,0.0,12.1,0.0,0.0,0.5,81.5
1747115201568,6.3,0.0,13.6,0.0,0.0,0.4,79.7
1747115203580,6.3,0.0,14.9,0.0,0.0,0.5,78.3
1747115205594,6.9,0.0,12.7,0.0,0.0,0.4,80.0
1747115207604,7.2,0.0,12.1,0.0,0.0,0.4,80.3
1747115209614,6.6,0.0,11.8,0.0,0.0,0.3,81.3
1747115211626,7.3,0.0,12.0,0.0,0.0,0.3,80.3
1747115213639,6.7,0.0,13.4,0.0,0.0,0.3,79.5
1747115215650,7.2,0.0,14.1,0.0,0.0,0.2,78.4
1747115217663,6.7,0.0,12.9,0.0,0.0,0.4,80.1
1747115219675,7.2,0.0,19.0,0.0,0.0,0.3,73.6
1747115221688,6.7,0.0,15.1,0.0,0.0,0.3,77.9
1747115223702,6.5,0.0,14.3,0.0,0.0,0.2,78.9
1747115225715,6.9,0.0,13.3,0.0,0.0,0.2,79.7
1747115227727,6.7,0.0,15.7,0.0,0.0,0.3,77.4
1747115229740,6.3,0.0,13.0,0.0,0.0,0.3,80.3
1747115231752,6.7,0.0,16.0,0.0,0.0,0.3,77.0
1747115233764,6.5,0.0,15.0,0.0,0.0,0.4,78.1
1747115235776,6.9,0.0,14.6,0.0,0.0,0.2,78.3
1747115237788,6.0,0.0,12.3,0.0,0.0,0.6,81.1
1747115239798,6.8,0.0,13.2,0.0,0.0,0.3,79.7
1747115241808,6.5,0.0,12.5,0.0,0.0,0.3,80.7
1747115243817,6.4,0.0,12.9,0.0,0.0,0.4,80.2
1747115245826,6.5,0.0,11.0,0.0,0.0,0.4,82.1
1747115247834,6.4,0.0,12.8,0.0,0.0,0.5,80.4
1747115249843,6.0,0.0,12.5,0.0,0.0,0.3,81.2
1747115251853,6.1,0.0,12.1,0.0,0.0,0.5,81.2
1747115253862,6.2,0.0,11.8,0.0,0.0,0.6,81.4
1747115255873,6.4,0.0,15.6,0.0,0.0,0.2,77.7
1747115257885,6.3,0.0,16.2,0.0,0.0,0.4,77.1
1747115259897,7.0,0.0,12.5,0.0,0.0,0.2,80.3
1747115261910,6.5,0.0,16.5,0.0,0.0,0.4,76.5
1747115263923,6.6,0.0,14.1,0.0,0.0,0.3,79.0
1747115265935,6.8,0.0,12.4,0.0,0.0,0.2,80.5
1747115267948,6.5,0.0,12.0,0.0,0.0,0.6,81.0
1747115269962,6.8,0.0,12.0,0.0,0.0,0.3,80.8
1747115271976,6.7,0.0,13.1,0.0,0.0,0.5,79.7
1747115273988,6.9,0.0,14.9,0.0,0.0,0.4,77.8
1747115276003,7.0,0.0,11.7,0.0,0.0,0.3,81.0
1747115278015,6.9,0.0,11.8,0.0,0.0,0.5,80.8
1747115280025,6.6,0.0,12.0,0.0,0.0,0.5,80.9
1747115282036,7.0,0.0,11.7,0.0,0.0,0.3,81.0
1747115284048,6.8,0.0,11.9,0.0,0.0,0.2,81.0
1747115286060,6.8,0.0,11.5,0.0,0.0,0.2,81.5
1747115288072,7.2,0.0,11.8,0.0,0.0,0.2,80.8
1747115290086,7.0,0.0,12.5,0.0,0.0,0.3,80.1
1747115292097,6.8,0.0,12.5,0.0,0.0,0.3,80.4
1747115294110,6.6,0.0,12.8,0.0,0.0,0.2,80.4
1747115296120,6.7,0.0,12.3,0.0,0.0,0.3,80.7
1747115298129,6.4,0.0,11.8,0.0,0.0,0.3,81.5
1747115300138,6.7,0.0,14.8,0.0,0.0,0.4,78.2
1747115302149,6.4,0.0,11.0,0.0,0.0,0.5,82.1
1747115304158,5.9,0.0,13.4,0.0,0.0,0.4,80.3
1747115306169,6.8,0.0,13.9,0.0,0.0,0.4,78.9
1747115308176,6.0,0.0,12.5,0.0,0.0,0.2,81.3
1747115310185,6.5,0.0,12.8,0.0,0.0,0.2,80.5
1747115312196,6.9,0.0,12.3,0.0,0.0,0.5,80.3
1747115314208,6.7,0.0,14.3,0.0,0.0,0.5,78.5
1747115316218,6.6,0.0,16.3,0.0,0.0,0.4,76.7
1747115318230,7.2,0.0,12.6,0.0,0.0,0.4,79.8
1747115320243,6.8,0.0,16.4,0.0,0.0,0.4,76.5
1747115322256,7.0,0.0,14.0,0.0,0.0,0.4,78.6
1747115324268,6.5,0.0,12.0,0.0,0.0,0.4,81.0
1747115326281,7.1,0.0,11.2,0.0,0.0,0.2,81.5
1747115328293,6.9,0.0,11.6,0.0,0.0,0.2,81.2
1747115330306,6.8,0.0,12.2,0.0,0.0,0.3,80.7
1747115332319,6.6,0.0,11.5,0.0,0.0,0.3,81.5
1747115334332,7.2,0.0,11.3,0.0,0.0,0.2,81.4
1747115336344,6.8,0.0,12.2,0.0,0.0,0.4,80.5
1747115338358,6.7,0.0,12.5,0.0,0.0,0.3,80.5
1747115340370,6.3,0.0,13.0,0.0,0.0,0.4,80.3
1747115342381,6.4,0.0,12.7,0.0,0.0,0.1,80.8
1747115344393,6.9,0.0,12.6,0.0,0.0,0.2,80.3
1747115346407,6.7,0.0,11.6,0.0,0.0,0.3,81.3
1747115348418,6.7,0.0,12.1,0.0,0.0,0.3,80.9
1747115350430,6.2,0.0,14.2,0.0,0.0,0.3,79.3
1747115352441,6.6,0.0,18.0,0.0,0.0,0.4,74.9
1747115354451,6.0,0.0,12.3,0.0,0.0,0.3,81.5
1747115356461,6.4,0.0,12.6,0.0,0.0,0.3,80.7
1747115358472,6.5,0.0,14.3,0.0,0.0,0.1,79.1
1747115360481,6.5,0.0,15.3,0.0,0.0,0.1,78.1
1747115362500,6.0,0.0,14.2,0.0,0.0,0.3,79.5
1747115364510,6.8,0.0,16.7,0.0,0.0,0.3,76.2
1747115366522,6.7,0.0,12.9,0.0,0.0,0.4,79.9
1747115368530,6.8,0.0,13.0,0.0,0.0,0.4,79.8
1747115370542,6.8,0.0,12.8,0.0,0.0,0.3,80.1
1747115372553,6.6,0.0,14.3,0.0,0.0,0.3,78.8
