timestamp_ms,session_id,type,state,address
1747218169012,session-type:IPv4,,,
1747218169012,apn:internet,,,
1747218169012,s-nssai:,,,
1747218169012,sst:0x01,,,
1747218169012,sd:null,,,
1747218169012,emergency:false,,,
1747218169012,address:10.45.0.9,,,
1747218169012,ambr:up[1000000Kb/s]down[1000000Kb/s],,,
1747218169012,data-pending:false,,,
1747218170151,session-type:IPv4,,,
1747218170151,apn:internet,,,
1747218170151,s-nssai:,,,
1747218170151,sst:0x01,,,
1747218170151,sd:null,,,
1747218170151,emergency:false,,,
1747218170151,address:10.45.0.9,,,
1747218170151,ambr:up[1000000Kb/s]down[1000000Kb/s],,,
1747218170151,data-pending:false,,,
1747218171284,session-type:IPv4,,,
1747218171284,apn:internet,,,
1747218171284,s-nssai:,,,
1747218171284,sst:0x01,,,
1747218171284,sd:null,,,
1747218171284,emergency:false,,,
1747218171284,address:10.45.0.9,,,
1747218171284,ambr:up[1000000Kb/s]down[1000000Kb/s],,,
1747218171284,data-pending:false,,,
1747218172405,session-type:IPv4,,,
1747218172405,apn:internet,,,
1747218172405,s-nssai:,,,
1747218172405,sst:0x01,,,
1747218172405,sd:null,,,
1747218172405,emergency:false,,,
1747218172405,address:10.45.0.9,,,
1747218172405,ambr:up[1000000Kb/s]down[1000000Kb/s],,,
1747218172405,data-pending:false,,,
1747218173524,session-type:IPv4,,,
1747218173524,apn:internet,,,
1747218173524,s-nssai:,,,
1747218173524,sst:0x01,,,
1747218173524,sd:null,,,
1747218173524,emergency:false,,,
1747218173524,address:10.45.0.9,,,
1747218173524,ambr:up[1000000Kb/s]down[1000000Kb/s],,,
1747218173524,data-pending:false,,,
1747218174645,session-type:IPv4,,,
1747218174645,apn:internet,,,
1747218174645,s-nssai:,,,
1747218174645,sst:0x01,,,
1747218174645,sd:null,,,
1747218174645,emergency:false,,,
1747218174645,address:10.45.0.9,,,
1747218174645,ambr:up[1000000Kb/s]down[1000000Kb/s],,,
1747218174645,data-pending:false,,,
1747218175747,session-type:IPv4,,,
1747218175747,apn:internet,,,
1747218175747,s-nssai:,,,
1747218175747,sst:0x01,,,
1747218175747,sd:null,,,
1747218175747,emergency:false,,,
1747218175747,address:10.45.0.9,,,
1747218175747,ambr:up[1000000Kb/s]down[1000000Kb/s],,,
1747218175747,data-pending:false,,,
1747218176846,session-type:IPv4,,,
1747218176846,apn:internet,,,
1747218176846,s-nssai:,,,
1747218176846,sst:0x01,,,
1747218176846,sd:null,,,
1747218176846,emergency:false,,,
1747218176846,address:10.45.0.9,,,
1747218176846,ambr:up[1000000Kb/s]down[1000000Kb/s],,,
1747218176846,data-pending:false,,,
1747218177956,session-type:IPv4,,,
1747218177956,apn:internet,,,
1747218177956,s-nssai:,,,
1747218177956,sst:0x01,,,
1747218177956,sd:null,,,
1747218177956,emergency:false,,,
1747218177956,address:10.45.0.9,,,
1747218177956,ambr:up[1000000Kb/s]down[1000000Kb/s],,,
1747218177956,data-pending:false,,,
1747218179060,session-type:IPv4,,,
1747218179060,apn:internet,,,
1747218179060,s-nssai:,,,
1747218179060,sst:0x01,,,
1747218179060,sd:null,,,
1747218179060,emergency:false,,,
1747218179060,address:10.45.0.9,,,
1747218179060,ambr:up[1000000Kb/s]down[1000000Kb/s],,,
1747218179060,data-pending:false,,,
1747218180174,session-type:IPv4,,,
1747218180174,apn:internet,,,
1747218180174,s-nssai:,,,
1747218180174,sst:0x01,,,
1747218180174,sd:null,,,
1747218180174,emergency:false,,,
1747218180174,address:10.45.0.9,,,
1747218180174,ambr:up[1000000Kb/s]down[1000000Kb/s],,,
1747218180174,data-pending:false,,,
1747218181288,session-type:IPv4,,,
1747218181288,apn:internet,,,
1747218181288,s-nssai:,,,
1747218181288,sst:0x01,,,
1747218181288,sd:null,,,
1747218181288,emergency:false,,,
1747218181288,address:10.45.0.9,,,
1747218181288,ambr:up[1000000Kb/s]down[1000000Kb/s],,,
1747218181288,data-pending:false,,,
1747218182400,session-type:IPv4,,,
1747218182400,apn:internet,,,
1747218182400,s-nssai:,,,
1747218182400,sst:0x01,,,
1747218182400,sd:null,,,
1747218182400,emergency:false,,,
1747218182400,address:10.45.0.9,,,
1747218182400,ambr:up[1000000Kb/s]down[1000000Kb/s],,,
1747218182400,data-pending:false,,,
1747218183502,session-type:IPv4,,,
1747218183502,apn:internet,,,
1747218183502,s-nssai:,,,
1747218183502,sst:0x01,,,
1747218183502,sd:null,,,
1747218183502,emergency:false,,,
1747218183502,address:10.45.0.9,,,
1747218183502,ambr:up[1000000Kb/s]down[1000000Kb/s],,,
1747218183502,data-pending:false,,,
1747218184609,session-type:IPv4,,,
1747218184609,apn:internet,,,
1747218184609,s-nssai:,,,
1747218184609,sst:0x01,,,
1747218184609,sd:null,,,
1747218184609,emergency:false,,,
1747218184609,address:10.45.0.9,,,
1747218184609,ambr:up[1000000Kb/s]down[1000000Kb/s],,,
1747218184609,data-pending:false,,,
1747218185717,session-type:IPv4,,,
1747218185717,apn:internet,,,
1747218185717,s-nssai:,,,
1747218185717,sst:0x01,,,
1747218185717,sd:null,,,
1747218185717,emergency:false,,,
1747218185717,address:10.45.0.9,,,
1747218185717,ambr:up[1000000Kb/s]down[1000000Kb/s],,,
1747218185717,data-pending:false,,,
1747218186820,session-type:IPv4,,,
1747218186820,apn:internet,,,
1747218186820,s-nssai:,,,
1747218186820,sst:0x01,,,
1747218186820,sd:null,,,
1747218186820,emergency:false,,,
1747218186820,address:10.45.0.9,,,
1747218186820,ambr:up[1000000Kb/s]down[1000000Kb/s],,,
1747218186820,data-pending:false,,,
1747218187929,session-type:IPv4,,,
1747218187929,apn:internet,,,
1747218187929,s-nssai:,,,
1747218187929,sst:0x01,,,
1747218187929,sd:null,,,
1747218187929,emergency:false,,,
1747218187929,address:10.45.0.9,,,
1747218187929,ambr:up[1000000Kb/s]down[1000000Kb/s],,,
1747218187929,data-pending:false,,,
1747218189033,session-type:IPv4,,,
1747218189033,apn:internet,,,
1747218189033,s-nssai:,,,
1747218189033,sst:0x01,,,
1747218189033,sd:null,,,
1747218189033,emergency:false,,,
1747218189033,address:10.45.0.9,,,
1747218189033,ambr:up[1000000Kb/s]down[1000000Kb/s],,,
1747218189033,data-pending:false,,,
1747218190132,session-type:IPv4,,,
1747218190132,apn:internet,,,
1747218190132,s-nssai:,,,
1747218190132,sst:0x01,,,
1747218190132,sd:null,,,
1747218190132,emergency:false,,,
1747218190132,address:10.45.0.9,,,
1747218190132,ambr:up[1000000Kb/s]down[1000000Kb/s],,,
1747218190132,data-pending:false,,,
1747218191242,session-type:IPv4,,,
1747218191242,apn:internet,,,
1747218191242,s-nssai:,,,
1747218191242,sst:0x01,,,
1747218191242,sd:null,,,
1747218191242,emergency:false,,,
1747218191242,address:10.45.0.9,,,
1747218191242,ambr:up[1000000Kb/s]down[1000000Kb/s],,,
1747218191242,data-pending:false,,,
1747218192350,session-type:IPv4,,,
1747218192350,apn:internet,,,
1747218192350,s-nssai:,,,
1747218192350,sst:0x01,,,
1747218192350,sd:null,,,
1747218192350,emergency:false,,,
1747218192350,address:10.45.0.9,,,
1747218192350,ambr:up[1000000Kb/s]down[1000000Kb/s],,,
1747218192350,data-pending:false,,,
1747218193448,session-type:IPv4,,,
1747218193448,apn:internet,,,
1747218193448,s-nssai:,,,
1747218193448,sst:0x01,,,
1747218193448,sd:null,,,
1747218193448,emergency:false,,,
1747218193448,address:10.45.0.9,,,
1747218193448,ambr:up[1000000Kb/s]down[1000000Kb/s],,,
1747218193448,data-pending:false,,,
1747218194558,session-type:IPv4,,,
1747218194558,apn:internet,,,
1747218194558,s-nssai:,,,
1747218194558,sst:0x01,,,
1747218194558,sd:null,,,
1747218194558,emergency:false,,,
1747218194558,address:10.45.0.9,,,
1747218194558,ambr:up[1000000Kb/s]down[1000000Kb/s],,,
1747218194558,data-pending:false,,,
1747218195668,session-type:IPv4,,,
1747218195668,apn:internet,,,
1747218195668,s-nssai:,,,
1747218195668,sst:0x01,,,
1747218195668,sd:null,,,
1747218195668,emergency:false,,,
1747218195668,address:10.45.0.9,,,
1747218195668,ambr:up[1000000Kb/s]down[1000000Kb/s],,,
1747218195668,data-pending:false,,,
1747218196776,session-type:IPv4,,,
1747218196776,apn:internet,,,
1747218196776,s-nssai:,,,
1747218196776,sst:0x01,,,
1747218196776,sd:null,,,
1747218196776,emergency:false,,,
1747218196776,address:10.45.0.9,,,
1747218196776,ambr:up[1000000Kb/s]down[1000000Kb/s],,,
1747218196776,data-pending:false,,,
1747218197869,session-type:IPv4,,,
1747218197869,apn:internet,,,
1747218197869,s-nssai:,,,
1747218197869,sst:0x01,,,
1747218197869,sd:null,,,
1747218197869,emergency:false,,,
1747218197869,address:10.45.0.9,,,
1747218197869,ambr:up[1000000Kb/s]down[1000000Kb/s],,,
1747218197869,data-pending:false,,,
1747218198897,session-type:IPv4,,,
1747218198897,apn:internet,,,
1747218198897,s-nssai:,,,
1747218198897,sst:0x01,,,
1747218198897,sd:null,,,
1747218198897,emergency:false,,,
1747218198897,address:10.45.0.9,,,
1747218198897,ambr:up[1000000Kb/s]down[1000000Kb/s],,,
1747218198897,data-pending:false,,,
1747218199918,session-type:IPv4,,,
1747218199918,apn:internet,,,
1747218199918,s-nssai:,,,
1747218199918,sst:0x01,,,
1747218199918,sd:null,,,
1747218199918,emergency:false,,,
1747218199918,address:10.45.0.9,,,
1747218199918,ambr:up[1000000Kb/s]down[1000000Kb/s],,,
1747218199918,data-pending:false,,,
1747218200940,session-type:IPv4,,,
1747218200940,apn:internet,,,
1747218200940,s-nssai:,,,
1747218200940,sst:0x01,,,
1747218200940,sd:null,,,
1747218200940,emergency:false,,,
1747218200940,address:10.45.0.9,,,
1747218200940,ambr:up[1000000Kb/s]down[1000000Kb/s],,,
1747218200940,data-pending:false,,,
1747218201964,session-type:IPv4,,,
1747218201964,apn:internet,,,
1747218201964,s-nssai:,,,
1747218201964,sst:0x01,,,
1747218201964,sd:null,,,
1747218201964,emergency:false,,,
1747218201964,address:10.45.0.9,,,
1747218201964,ambr:up[1000000Kb/s]down[1000000Kb/s],,,
1747218201964,data-pending:false,,,
1747218202989,session-type:IPv4,,,
1747218202989,apn:internet,,,
1747218202989,s-nssai:,,,
1747218202989,sst:0x01,,,
1747218202989,sd:null,,,
1747218202989,emergency:false,,,
1747218202989,address:10.45.0.9,,,
1747218202989,ambr:up[1000000Kb/s]down[1000000Kb/s],,,
1747218202989,data-pending:false,,,
1747218204013,session-type:IPv4,,,
1747218204013,apn:internet,,,
1747218204013,s-nssai:,,,
1747218204013,sst:0x01,,,
1747218204013,sd:null,,,
1747218204013,emergency:false,,,
1747218204013,address:10.45.0.9,,,
1747218204013,ambr:up[1000000Kb/s]down[1000000Kb/s],,,
1747218204013,data-pending:false,,,
1747218205039,session-type:IPv4,,,
1747218205039,apn:internet,,,
1747218205039,s-nssai:,,,
1747218205039,sst:0x01,,,
1747218205039,sd:null,,,
1747218205039,emergency:false,,,
1747218205039,address:10.45.0.9,,,
1747218205039,ambr:up[1000000Kb/s]down[1000000Kb/s],,,
1747218205039,data-pending:false,,,
1747218206065,session-type:IPv4,,,
1747218206065,apn:internet,,,
1747218206065,s-nssai:,,,
1747218206065,sst:0x01,,,
1747218206065,sd:null,,,
1747218206065,emergency:false,,,
1747218206065,address:10.45.0.9,,,
1747218206065,ambr:up[1000000Kb/s]down[1000000Kb/s],,,
1747218206065,data-pending:false,,,
1747218207092,session-type:IPv4,,,
1747218207092,apn:internet,,,
1747218207092,s-nssai:,,,
1747218207092,sst:0x01,,,
1747218207092,sd:null,,,
1747218207092,emergency:false,,,
1747218207092,address:10.45.0.9,,,
1747218207092,ambr:up[1000000Kb/s]down[1000000Kb/s],,,
1747218207092,data-pending:false,,,
1747218208119,session-type:IPv4,,,
1747218208119,apn:internet,,,
1747218208119,s-nssai:,,,
1747218208119,sst:0x01,,,
1747218208119,sd:null,,,
1747218208119,emergency:false,,,
1747218208119,address:10.45.0.9,,,
1747218208119,ambr:up[1000000Kb/s]down[1000000Kb/s],,,
1747218208119,data-pending:false,,,
1747218209146,session-type:IPv4,,,
1747218209146,apn:internet,,,
1747218209146,s-nssai:,,,
1747218209146,sst:0x01,,,
1747218209146,sd:null,,,
1747218209146,emergency:false,,,
1747218209146,address:10.45.0.9,,,
1747218209146,ambr:up[1000000Kb/s]down[1000000Kb/s],,,
1747218209146,data-pending:false,,,
1747218210177,session-type:IPv4,,,
1747218210177,apn:internet,,,
1747218210177,s-nssai:,,,
1747218210177,sst:0x01,,,
1747218210177,sd:null,,,
1747218210177,emergency:false,,,
1747218210177,address:10.45.0.9,,,
1747218210177,ambr:up[1000000Kb/s]down[1000000Kb/s],,,
1747218210177,data-pending:false,,,
1747218211206,session-type:IPv4,,,
1747218211206,apn:internet,,,
1747218211206,s-nssai:,,,
1747218211206,sst:0x01,,,
1747218211206,sd:null,,,
1747218211206,emergency:false,,,
1747218211206,address:10.45.0.9,,,
1747218211206,ambr:up[1000000Kb/s]down[1000000Kb/s],,,
1747218211206,data-pending:false,,,
1747218212233,session-type:IPv4,,,
1747218212233,apn:internet,,,
1747218212233,s-nssai:,,,
1747218212233,sst:0x01,,,
1747218212233,sd:null,,,
1747218212233,emergency:false,,,
1747218212233,address:10.45.0.9,,,
1747218212233,ambr:up[1000000Kb/s]down[1000000Kb/s],,,
1747218212233,data-pending:false,,,
1747218213262,session-type:IPv4,,,
1747218213262,apn:internet,,,
1747218213262,s-nssai:,,,
1747218213262,sst:0x01,,,
1747218213262,sd:null,,,
1747218213262,emergency:false,,,
1747218213262,address:10.45.0.9,,,
1747218213262,ambr:up[1000000Kb/s]down[1000000Kb/s],,,
1747218213262,data-pending:false,,,
1747218214290,session-type:IPv4,,,
1747218214290,apn:internet,,,
1747218214290,s-nssai:,,,
1747218214290,sst:0x01,,,
1747218214290,sd:null,,,
1747218214290,emergency:false,,,
1747218214290,address:10.45.0.9,,,
1747218214290,ambr:up[1000000Kb/s]down[1000000Kb/s],,,
1747218214290,data-pending:false,,,
1747218215316,session-type:IPv4,,,
1747218215316,apn:internet,,,
1747218215316,s-nssai:,,,
1747218215316,sst:0x01,,,
1747218215316,sd:null,,,
1747218215316,emergency:false,,,
1747218215316,address:10.45.0.9,,,
1747218215316,ambr:up[1000000Kb/s]down[1000000Kb/s],,,
1747218215316,data-pending:false,,,
1747218216338,session-type:IPv4,,,
1747218216338,apn:internet,,,
1747218216338,s-nssai:,,,
1747218216338,sst:0x01,,,
1747218216338,sd:null,,,
1747218216338,emergency:false,,,
1747218216338,address:10.45.0.9,,,
1747218216338,ambr:up[1000000Kb/s]down[1000000Kb/s],,,
1747218216338,data-pending:false,,,
1747218217366,session-type:IPv4,,,
1747218217366,apn:internet,,,
1747218217366,s-nssai:,,,
1747218217366,sst:0x01,,,
1747218217366,sd:null,,,
1747218217366,emergency:false,,,
1747218217366,address:10.45.0.9,,,
1747218217366,ambr:up[1000000Kb/s]down[1000000Kb/s],,,
1747218217366,data-pending:false,,,
1747218218393,session-type:IPv4,,,
1747218218393,apn:internet,,,
1747218218393,s-nssai:,,,
1747218218393,sst:0x01,,,
1747218218393,sd:null,,,
1747218218393,emergency:false,,,
1747218218393,address:10.45.0.9,,,
1747218218393,ambr:up[1000000Kb/s]down[1000000Kb/s],,,
1747218218393,data-pending:false,,,
1747218219424,session-type:IPv4,,,
1747218219424,apn:internet,,,
1747218219424,s-nssai:,,,
1747218219424,sst:0x01,,,
1747218219424,sd:null,,,
1747218219424,emergency:false,,,
1747218219424,address:10.45.0.9,,,
1747218219424,ambr:up[1000000Kb/s]down[1000000Kb/s],,,
1747218219424,data-pending:false,,,
1747218220451,session-type:IPv4,,,
1747218220451,apn:internet,,,
1747218220451,s-nssai:,,,
1747218220451,sst:0x01,,,
1747218220451,sd:null,,,
1747218220451,emergency:false,,,
1747218220451,address:10.45.0.9,,,
1747218220451,ambr:up[1000000Kb/s]down[1000000Kb/s],,,
1747218220451,data-pending:false,,,
1747218221478,session-type:IPv4,,,
1747218221478,apn:internet,,,
1747218221478,s-nssai:,,,
1747218221478,sst:0x01,,,
1747218221478,sd:null,,,
1747218221478,emergency:false,,,
1747218221478,address:10.45.0.9,,,
1747218221478,ambr:up[1000000Kb/s]down[1000000Kb/s],,,
1747218221478,data-pending:false,,,
1747218222505,session-type:IPv4,,,
1747218222505,apn:internet,,,
1747218222505,s-nssai:,,,
1747218222505,sst:0x01,,,
1747218222505,sd:null,,,
1747218222505,emergency:false,,,
1747218222505,address:10.45.0.9,,,
1747218222505,ambr:up[1000000Kb/s]down[1000000Kb/s],,,
1747218222505,data-pending:false,,,
1747218223532,session-type:IPv4,,,
1747218223532,apn:internet,,,
1747218223532,s-nssai:,,,
1747218223532,sst:0x01,,,
1747218223532,sd:null,,,
1747218223532,emergency:false,,,
1747218223532,address:10.45.0.9,,,
1747218223532,ambr:up[1000000Kb/s]down[1000000Kb/s],,,
1747218223532,data-pending:false,,,
1747218224559,session-type:IPv4,,,
1747218224559,apn:internet,,,
1747218224559,s-nssai:,,,
1747218224559,sst:0x01,,,
1747218224559,sd:null,,,
1747218224559,emergency:false,,,
1747218224559,address:10.45.0.9,,,
1747218224559,ambr:up[1000000Kb/s]down[1000000Kb/s],,,
1747218224559,data-pending:false,,,
1747218225586,session-type:IPv4,,,
1747218225586,apn:internet,,,
1747218225586,s-nssai:,,,
1747218225586,sst:0x01,,,
1747218225586,sd:null,,,
1747218225586,emergency:false,,,
1747218225586,address:10.45.0.9,,,
1747218225586,ambr:up[1000000Kb/s]down[1000000Kb/s],,,
1747218225586,data-pending:false,,,
1747218226614,session-type:IPv4,,,
1747218226614,apn:internet,,,
1747218226614,s-nssai:,,,
1747218226614,sst:0x01,,,
1747218226614,sd:null,,,
1747218226614,emergency:false,,,
1747218226614,address:10.45.0.9,,,
1747218226614,ambr:up[1000000Kb/s]down[1000000Kb/s],,,
1747218226614,data-pending:false,,,
1747218227646,session-type:IPv4,,,
1747218227646,apn:internet,,,
1747218227646,s-nssai:,,,
1747218227646,sst:0x01,,,
1747218227646,sd:null,,,
1747218227646,emergency:false,,,
1747218227646,address:10.45.0.9,,,
1747218227646,ambr:up[1000000Kb/s]down[1000000Kb/s],,,
1747218227646,data-pending:false,,,
1747218228672,session-type:IPv4,,,
1747218228672,apn:internet,,,
1747218228672,s-nssai:,,,
1747218228672,sst:0x01,,,
1747218228672,sd:null,,,
1747218228672,emergency:false,,,
1747218228672,address:10.45.0.9,,,
1747218228672,ambr:up[1000000Kb/s]down[1000000Kb/s],,,
1747218228672,data-pending:false,,,
1747218229704,session-type:IPv4,,,
1747218229704,apn:internet,,,
1747218229704,s-nssai:,,,
1747218229704,sst:0x01,,,
1747218229704,sd:null,,,
1747218229704,emergency:false,,,
1747218229704,address:10.45.0.9,,,
1747218229704,ambr:up[1000000Kb/s]down[1000000Kb/s],,,
1747218229704,data-pending:false,,,
1747218230731,session-type:IPv4,,,
1747218230731,apn:internet,,,
1747218230731,s-nssai:,,,
1747218230731,sst:0x01,,,
1747218230731,sd:null,,,
1747218230731,emergency:false,,,
1747218230731,address:10.45.0.9,,,
1747218230731,ambr:up[1000000Kb/s]down[1000000Kb/s],,,
1747218230731,data-pending:false,,,
1747218231759,session-type:IPv4,,,
1747218231759,apn:internet,,,
1747218231759,s-nssai:,,,
1747218231759,sst:0x01,,,
1747218231759,sd:null,,,
1747218231759,emergency:false,,,
1747218231759,address:10.45.0.9,,,
1747218231759,ambr:up[1000000Kb/s]down[1000000Kb/s],,,
1747218231759,data-pending:false,,,
1747218232782,session-type:IPv4,,,
1747218232782,apn:internet,,,
1747218232782,s-nssai:,,,
1747218232782,sst:0x01,,,
1747218232782,sd:null,,,
1747218232782,emergency:false,,,
1747218232782,address:10.45.0.9,,,
1747218232782,ambr:up[1000000Kb/s]down[1000000Kb/s],,,
1747218232782,data-pending:false,,,
1747218233805,session-type:IPv4,,,
1747218233805,apn:internet,,,
1747218233805,s-nssai:,,,
1747218233805,sst:0x01,,,
1747218233805,sd:null,,,
1747218233805,emergency:false,,,
1747218233805,address:10.45.0.9,,,
1747218233805,ambr:up[1000000Kb/s]down[1000000Kb/s],,,
1747218233805,data-pending:false,,,
1747218234830,session-type:IPv4,,,
1747218234830,apn:internet,,,
1747218234830,s-nssai:,,,
1747218234830,sst:0x01,,,
1747218234830,sd:null,,,
1747218234830,emergency:false,,,
1747218234830,address:10.45.0.9,,,
1747218234830,ambr:up[1000000Kb/s]down[1000000Kb/s],,,
1747218234830,data-pending:false,,,
1747218235856,session-type:IPv4,,,
1747218235856,apn:internet,,,
1747218235856,s-nssai:,,,
1747218235856,sst:0x01,,,
1747218235856,sd:null,,,
1747218235856,emergency:false,,,
1747218235856,address:10.45.0.9,,,
1747218235856,ambr:up[1000000Kb/s]down[1000000Kb/s],,,
1747218235856,data-pending:false,,,
1747218236881,session-type:IPv4,,,
1747218236881,apn:internet,,,
1747218236881,s-nssai:,,,
1747218236881,sst:0x01,,,
1747218236881,sd:null,,,
1747218236881,emergency:false,,,
1747218236881,address:10.45.0.9,,,
1747218236881,ambr:up[1000000Kb/s]down[1000000Kb/s],,,
1747218236881,data-pending:false,,,
1747218237908,session-type:IPv4,,,
1747218237908,apn:internet,,,
1747218237908,s-nssai:,,,
1747218237908,sst:0x01,,,
1747218237908,sd:null,,,
1747218237908,emergency:false,,,
1747218237908,address:10.45.0.9,,,
1747218237908,ambr:up[1000000Kb/s]down[1000000Kb/s],,,
1747218237908,data-pending:false,,,
1747218238933,session-type:IPv4,,,
1747218238933,apn:internet,,,
1747218238933,s-nssai:,,,
1747218238933,sst:0x01,,,
1747218238933,sd:null,,,
1747218238933,emergency:false,,,
1747218238933,address:10.45.0.9,,,
1747218238933,ambr:up[1000000Kb/s]down[1000000Kb/s],,,
1747218238933,data-pending:false,,,
1747218239953,session-type:IPv4,,,
1747218239953,apn:internet,,,
1747218239953,s-nssai:,,,
1747218239953,sst:0x01,,,
1747218239953,sd:null,,,
1747218239953,emergency:false,,,
1747218239953,address:10.45.0.9,,,
1747218239953,ambr:up[1000000Kb/s]down[1000000Kb/s],,,
1747218239953,data-pending:false,,,
1747218240977,session-type:IPv4,,,
1747218240977,apn:internet,,,
1747218240977,s-nssai:,,,
1747218240977,sst:0x01,,,
1747218240977,sd:null,,,
1747218240977,emergency:false,,,
1747218240977,address:10.45.0.9,,,
1747218240977,ambr:up[1000000Kb/s]down[1000000Kb/s],,,
1747218240977,data-pending:false,,,
1747218242002,session-type:IPv4,,,
1747218242002,apn:internet,,,
1747218242002,s-nssai:,,,
1747218242002,sst:0x01,,,
1747218242002,sd:null,,,
1747218242002,emergency:false,,,
1747218242002,address:10.45.0.9,,,
1747218242002,ambr:up[1000000Kb/s]down[1000000Kb/s],,,
1747218242002,data-pending:false,,,
1747218243023,session-type:IPv4,,,
1747218243023,apn:internet,,,
1747218243023,s-nssai:,,,
1747218243023,sst:0x01,,,
1747218243023,sd:null,,,
1747218243023,emergency:false,,,
1747218243023,address:10.45.0.9,,,
1747218243023,ambr:up[1000000Kb/s]down[1000000Kb/s],,,
1747218243023,data-pending:false,,,
1747218244051,session-type:IPv4,,,
1747218244051,apn:internet,,,
1747218244051,s-nssai:,,,
1747218244051,sst:0x01,,,
1747218244051,sd:null,,,
1747218244051,emergency:false,,,
1747218244051,address:10.45.0.9,,,
1747218244051,ambr:up[1000000Kb/s]down[1000000Kb/s],,,
1747218244051,data-pending:false,,,
1747218245076,session-type:IPv4,,,
1747218245076,apn:internet,,,
1747218245076,s-nssai:,,,
1747218245076,sst:0x01,,,
1747218245076,sd:null,,,
1747218245076,emergency:false,,,
1747218245076,address:10.45.0.9,,,
1747218245076,ambr:up[1000000Kb/s]down[1000000Kb/s],,,
1747218245076,data-pending:false,,,
1747218246101,session-type:IPv4,,,
1747218246101,apn:internet,,,
1747218246101,s-nssai:,,,
1747218246101,sst:0x01,,,
1747218246101,sd:null,,,
1747218246101,emergency:false,,,
1747218246101,address:10.45.0.9,,,
1747218246101,ambr:up[1000000Kb/s]down[1000000Kb/s],,,
1747218246101,data-pending:false,,,
1747218247124,session-type:IPv4,,,
1747218247124,apn:internet,,,
1747218247124,s-nssai:,,,
1747218247124,sst:0x01,,,
1747218247124,sd:null,,,
1747218247124,emergency:false,,,
1747218247124,address:10.45.0.9,,,
1747218247124,ambr:up[1000000Kb/s]down[1000000Kb/s],,,
1747218247124,data-pending:false,,,
1747218248150,session-type:IPv4,,,
1747218248150,apn:internet,,,
1747218248150,s-nssai:,,,
1747218248150,sst:0x01,,,
1747218248150,sd:null,,,
1747218248150,emergency:false,,,
1747218248150,address:10.45.0.9,,,
1747218248150,ambr:up[1000000Kb/s]down[1000000Kb/s],,,
1747218248150,data-pending:false,,,
1747218249176,session-type:IPv4,,,
1747218249176,apn:internet,,,
1747218249176,s-nssai:,,,
1747218249176,sst:0x01,,,
1747218249176,sd:null,,,
1747218249176,emergency:false,,,
1747218249176,address:10.45.0.9,,,
1747218249176,ambr:up[1000000Kb/s]down[1000000Kb/s],,,
1747218249176,data-pending:false,,,
1747218250201,session-type:IPv4,,,
1747218250201,apn:internet,,,
1747218250201,s-nssai:,,,
1747218250201,sst:0x01,,,
1747218250201,sd:null,,,
1747218250201,emergency:false,,,
1747218250201,address:10.45.0.9,,,
1747218250201,ambr:up[1000000Kb/s]down[1000000Kb/s],,,
1747218250201,data-pending:false,,,
1747218251225,session-type:IPv4,,,
1747218251225,apn:internet,,,
1747218251225,s-nssai:,,,
1747218251225,sst:0x01,,,
1747218251225,sd:null,,,
1747218251225,emergency:false,,,
1747218251225,address:10.45.0.9,,,
1747218251225,ambr:up[1000000Kb/s]down[1000000Kb/s],,,
1747218251225,data-pending:false,,,
1747218252251,session-type:IPv4,,,
1747218252251,apn:internet,,,
1747218252251,s-nssai:,,,
1747218252251,sst:0x01,,,
1747218252251,sd:null,,,
1747218252251,emergency:false,,,
1747218252251,address:10.45.0.9,,,
1747218252251,ambr:up[1000000Kb/s]down[1000000Kb/s],,,
1747218252251,data-pending:false,,,
1747218253277,session-type:IPv4,,,
1747218253277,apn:internet,,,
1747218253277,s-nssai:,,,
1747218253277,sst:0x01,,,
1747218253277,sd:null,,,
1747218253277,emergency:false,,,
1747218253277,address:10.45.0.9,,,
1747218253277,ambr:up[1000000Kb/s]down[1000000Kb/s],,,
1747218253277,data-pending:false,,,
1747218254303,session-type:IPv4,,,
1747218254303,apn:internet,,,
1747218254303,s-nssai:,,,
1747218254303,sst:0x01,,,
1747218254303,sd:null,,,
1747218254303,emergency:false,,,
1747218254303,address:10.45.0.9,,,
1747218254303,ambr:up[1000000Kb/s]down[1000000Kb/s],,,
1747218254303,data-pending:false,,,
1747218255328,session-type:IPv4,,,
1747218255328,apn:internet,,,
1747218255328,s-nssai:,,,
1747218255328,sst:0x01,,,
1747218255328,sd:null,,,
1747218255328,emergency:false,,,
1747218255328,address:10.45.0.9,,,
1747218255328,ambr:up[1000000Kb/s]down[1000000Kb/s],,,
1747218255328,data-pending:false,,,
1747218256353,session-type:IPv4,,,
1747218256353,apn:internet,,,
1747218256353,s-nssai:,,,
1747218256353,sst:0x01,,,
1747218256353,sd:null,,,
1747218256353,emergency:false,,,
1747218256353,address:10.45.0.9,,,
1747218256353,ambr:up[1000000Kb/s]down[1000000Kb/s],,,
1747218256353,data-pending:false,,,
1747218257374,session-type:IPv4,,,
1747218257374,apn:internet,,,
1747218257374,s-nssai:,,,
1747218257374,sst:0x01,,,
1747218257374,sd:null,,,
1747218257374,emergency:false,,,
1747218257374,address:10.45.0.9,,,
1747218257374,ambr:up[1000000Kb/s]down[1000000Kb/s],,,
1747218257374,data-pending:false,,,
1747218258397,session-type:IPv4,,,
1747218258397,apn:internet,,,
1747218258397,s-nssai:,,,
1747218258397,sst:0x01,,,
1747218258397,sd:null,,,
1747218258397,emergency:false,,,
1747218258397,address:10.45.0.9,,,
1747218258397,ambr:up[1000000Kb/s]down[1000000Kb/s],,,
1747218258397,data-pending:false,,,
1747218259423,session-type:IPv4,,,
1747218259423,apn:internet,,,
1747218259423,s-nssai:,,,
1747218259423,sst:0x01,,,
1747218259423,sd:null,,,
1747218259423,emergency:false,,,
1747218259423,address:10.45.0.9,,,
1747218259423,ambr:up[1000000Kb/s]down[1000000Kb/s],,,
1747218259423,data-pending:false,,,
1747218260446,session-type:IPv4,,,
1747218260446,apn:internet,,,
1747218260446,s-nssai:,,,
1747218260446,sst:0x01,,,
1747218260446,sd:null,,,
1747218260446,emergency:false,,,
1747218260446,address:10.45.0.9,,,
1747218260446,ambr:up[1000000Kb/s]down[1000000Kb/s],,,
1747218260446,data-pending:false,,,
1747218261466,session-type:IPv4,,,
1747218261466,apn:internet,,,
1747218261466,s-nssai:,,,
1747218261466,sst:0x01,,,
1747218261466,sd:null,,,
1747218261466,emergency:false,,,
1747218261466,address:10.45.0.9,,,
1747218261466,ambr:up[1000000Kb/s]down[1000000Kb/s],,,
1747218261466,data-pending:false,,,
1747218262489,session-type:IPv4,,,
1747218262489,apn:internet,,,
1747218262489,s-nssai:,,,
1747218262489,sst:0x01,,,
1747218262489,sd:null,,,
1747218262489,emergency:false,,,
1747218262489,address:10.45.0.9,,,
1747218262489,ambr:up[1000000Kb/s]down[1000000Kb/s],,,
1747218262489,data-pending:false,,,
1747218263512,session-type:IPv4,,,
1747218263512,apn:internet,,,
1747218263512,s-nssai:,,,
1747218263512,sst:0x01,,,
1747218263512,sd:null,,,
1747218263512,emergency:false,,,
1747218263512,address:10.45.0.9,,,
1747218263512,ambr:up[1000000Kb/s]down[1000000Kb/s],,,
1747218263512,data-pending:false,,,
1747218264536,session-type:IPv4,,,
1747218264536,apn:internet,,,
1747218264536,s-nssai:,,,
1747218264536,sst:0x01,,,
1747218264536,sd:null,,,
1747218264536,emergency:false,,,
1747218264536,address:10.45.0.9,,,
1747218264536,ambr:up[1000000Kb/s]down[1000000Kb/s],,,
1747218264536,data-pending:false,,,
1747218265561,session-type:IPv4,,,
1747218265561,apn:internet,,,
1747218265561,s-nssai:,,,
1747218265561,sst:0x01,,,
1747218265561,sd:null,,,
1747218265561,emergency:false,,,
1747218265561,address:10.45.0.9,,,
1747218265561,ambr:up[1000000Kb/s]down[1000000Kb/s],,,
1747218265561,data-pending:false,,,
1747218266583,session-type:IPv4,,,
1747218266583,apn:internet,,,
1747218266583,s-nssai:,,,
1747218266583,sst:0x01,,,
1747218266583,sd:null,,,
1747218266583,emergency:false,,,
1747218266583,address:10.45.0.9,,,
1747218266583,ambr:up[1000000Kb/s]down[1000000Kb/s],,,
1747218266583,data-pending:false,,,
1747218267605,session-type:IPv4,,,
1747218267605,apn:internet,,,
1747218267605,s-nssai:,,,
1747218267605,sst:0x01,,,
1747218267605,sd:null,,,
1747218267605,emergency:false,,,
1747218267605,address:10.45.0.9,,,
1747218267605,ambr:up[1000000Kb/s]down[1000000Kb/s],,,
1747218267605,data-pending:false,,,
1747218268626,session-type:IPv4,,,
1747218268626,apn:internet,,,
1747218268626,s-nssai:,,,
1747218268626,sst:0x01,,,
1747218268626,sd:null,,,
1747218268626,emergency:false,,,
1747218268626,address:10.45.0.9,,,
1747218268626,ambr:up[1000000Kb/s]down[1000000Kb/s],,,
1747218268626,data-pending:false,,,
1747218269650,session-type:IPv4,,,
1747218269650,apn:internet,,,
1747218269650,s-nssai:,,,
1747218269650,sst:0x01,,,
1747218269650,sd:null,,,
1747218269650,emergency:false,,,
1747218269650,address:10.45.0.9,,,
1747218269650,ambr:up[1000000Kb/s]down[1000000Kb/s],,,
1747218269650,data-pending:false,,,
1747218270677,session-type:IPv4,,,
1747218270677,apn:internet,,,
1747218270677,s-nssai:,,,
1747218270677,sst:0x01,,,
1747218270677,sd:null,,,
1747218270677,emergency:false,,,
1747218270677,address:10.45.0.9,,,
1747218270677,ambr:up[1000000Kb/s]down[1000000Kb/s],,,
1747218270677,data-pending:false,,,
1747218271701,session-type:IPv4,,,
1747218271701,apn:internet,,,
1747218271701,s-nssai:,,,
1747218271701,sst:0x01,,,
1747218271701,sd:null,,,
1747218271701,emergency:false,,,
1747218271701,address:10.45.0.9,,,
1747218271701,ambr:up[1000000Kb/s]down[1000000Kb/s],,,
1747218271701,data-pending:false,,,
1747218272726,session-type:IPv4,,,
1747218272726,apn:internet,,,
1747218272726,s-nssai:,,,
1747218272726,sst:0x01,,,
1747218272726,sd:null,,,
1747218272726,emergency:false,,,
1747218272726,address:10.45.0.9,,,
1747218272726,ambr:up[1000000Kb/s]down[1000000Kb/s],,,
1747218272726,data-pending:false,,,
1747218273751,session-type:IPv4,,,
1747218273751,apn:internet,,,
1747218273751,s-nssai:,,,
1747218273751,sst:0x01,,,
1747218273751,sd:null,,,
1747218273751,emergency:false,,,
1747218273751,address:10.45.0.9,,,
1747218273751,ambr:up[1000000Kb/s]down[1000000Kb/s],,,
1747218273751,data-pending:false,,,
1747218274776,session-type:IPv4,,,
1747218274776,apn:internet,,,
1747218274776,s-nssai:,,,
1747218274776,sst:0x01,,,
1747218274776,sd:null,,,
1747218274776,emergency:false,,,
1747218274776,address:10.45.0.9,,,
1747218274776,ambr:up[1000000Kb/s]down[1000000Kb/s],,,
1747218274776,data-pending:false,,,
1747218275797,session-type:IPv4,,,
1747218275797,apn:internet,,,
1747218275797,s-nssai:,,,
1747218275797,sst:0x01,,,
1747218275797,sd:null,,,
1747218275797,emergency:false,,,
1747218275797,address:10.45.0.9,,,
1747218275797,ambr:up[1000000Kb/s]down[1000000Kb/s],,,
1747218275797,data-pending:false,,,
1747218276807,session-type:IPv4,,,
1747218276807,apn:internet,,,
1747218276807,s-nssai:,,,
1747218276807,sst:0x01,,,
1747218276807,sd:null,,,
1747218276807,emergency:false,,,
1747218276807,address:10.45.0.9,,,
1747218276807,ambr:up[1000000Kb/s]down[1000000Kb/s],,,
1747218276807,data-pending:false,,,
1747218277829,session-type:IPv4,,,
1747218277829,apn:internet,,,
1747218277829,s-nssai:,,,
1747218277829,sst:0x01,,,
1747218277829,sd:null,,,
1747218277829,emergency:false,,,
1747218277829,address:10.45.0.9,,,
1747218277829,ambr:up[1000000Kb/s]down[1000000Kb/s],,,
1747218277829,data-pending:false,,,
1747218278855,session-type:IPv4,,,
1747218278855,apn:internet,,,
1747218278855,s-nssai:,,,
1747218278855,sst:0x01,,,
1747218278855,sd:null,,,
1747218278855,emergency:false,,,
1747218278855,address:10.45.0.9,,,
1747218278855,ambr:up[1000000Kb/s]down[1000000Kb/s],,,
1747218278855,data-pending:false,,,
1747218279877,session-type:IPv4,,,
1747218279877,apn:internet,,,
1747218279877,s-nssai:,,,
1747218279877,sst:0x01,,,
1747218279877,sd:null,,,
1747218279877,emergency:false,,,
1747218279877,address:10.45.0.9,,,
1747218279877,ambr:up[1000000Kb/s]down[1000000Kb/s],,,
1747218279877,data-pending:false,,,
1747218280899,session-type:IPv4,,,
1747218280899,apn:internet,,,
1747218280899,s-nssai:,,,
1747218280899,sst:0x01,,,
1747218280899,sd:null,,,
1747218280899,emergency:false,,,
1747218280899,address:10.45.0.9,,,
1747218280899,ambr:up[1000000Kb/s]down[1000000Kb/s],,,
1747218280899,data-pending:false,,,
1747218281921,session-type:IPv4,,,
1747218281921,apn:internet,,,
1747218281921,s-nssai:,,,
1747218281921,sst:0x01,,,
1747218281921,sd:null,,,
1747218281921,emergency:false,,,
1747218281921,address:10.45.0.9,,,
1747218281921,ambr:up[1000000Kb/s]down[1000000Kb/s],,,
1747218281921,data-pending:false,,,
1747218282942,session-type:IPv4,,,
1747218282942,apn:internet,,,
1747218282942,s-nssai:,,,
1747218282942,sst:0x01,,,
1747218282942,sd:null,,,
1747218282942,emergency:false,,,
1747218282942,address:10.45.0.9,,,
1747218282942,ambr:up[1000000Kb/s]down[1000000Kb/s],,,
1747218282942,data-pending:false,,,
1747218283964,session-type:IPv4,,,
1747218283964,apn:internet,,,
1747218283964,s-nssai:,,,
1747218283964,sst:0x01,,,
1747218283964,sd:null,,,
1747218283964,emergency:false,,,
1747218283964,address:10.45.0.9,,,
1747218283964,ambr:up[1000000Kb/s]down[1000000Kb/s],,,
1747218283964,data-pending:false,,,
1747218284989,session-type:IPv4,,,
1747218284989,apn:internet,,,
1747218284989,s-nssai:,,,
1747218284989,sst:0x01,,,
1747218284989,sd:null,,,
1747218284989,emergency:false,,,
1747218284989,address:10.45.0.9,,,
1747218284989,ambr:up[1000000Kb/s]down[1000000Kb/s],,,
1747218284989,data-pending:false,,,
1747218286015,session-type:IPv4,,,
1747218286015,apn:internet,,,
1747218286015,s-nssai:,,,
1747218286015,sst:0x01,,,
1747218286015,sd:null,,,
1747218286015,emergency:false,,,
1747218286015,address:10.45.0.9,,,
1747218286015,ambr:up[1000000Kb/s]down[1000000Kb/s],,,
1747218286015,data-pending:false,,,
1747218287036,session-type:IPv4,,,
1747218287036,apn:internet,,,
1747218287036,s-nssai:,,,
1747218287036,sst:0x01,,,
1747218287036,sd:null,,,
1747218287036,emergency:false,,,
1747218287036,address:10.45.0.9,,,
1747218287036,ambr:up[1000000Kb/s]down[1000000Kb/s],,,
1747218287036,data-pending:false,,,
1747218288061,session-type:IPv4,,,
1747218288061,apn:internet,,,
1747218288061,s-nssai:,,,
1747218288061,sst:0x01,,,
1747218288061,sd:null,,,
1747218288061,emergency:false,,,
1747218288061,address:10.45.0.9,,,
1747218288061,ambr:up[1000000Kb/s]down[1000000Kb/s],,,
1747218288061,data-pending:false,,,
1747218289082,session-type:IPv4,,,
1747218289082,apn:internet,,,
1747218289082,s-nssai:,,,
1747218289082,sst:0x01,,,
1747218289082,sd:null,,,
1747218289082,emergency:false,,,
1747218289082,address:10.45.0.9,,,
1747218289082,ambr:up[1000000Kb/s]down[1000000Kb/s],,,
1747218289082,data-pending:false,,,
1747218290109,session-type:IPv4,,,
1747218290109,apn:internet,,,
1747218290109,s-nssai:,,,
1747218290109,sst:0x01,,,
1747218290109,sd:null,,,
1747218290109,emergency:false,,,
1747218290109,address:10.45.0.9,,,
1747218290109,ambr:up[1000000Kb/s]down[1000000Kb/s],,,
1747218290109,data-pending:false,,,
1747218291135,session-type:IPv4,,,
1747218291135,apn:internet,,,
1747218291135,s-nssai:,,,
1747218291135,sst:0x01,,,
1747218291135,sd:null,,,
1747218291135,emergency:false,,,
1747218291135,address:10.45.0.9,,,
1747218291135,ambr:up[1000000Kb/s]down[1000000Kb/s],,,
1747218291135,data-pending:false,,,
1747218292160,session-type:IPv4,,,
1747218292160,apn:internet,,,
1747218292160,s-nssai:,,,
1747218292160,sst:0x01,,,
1747218292160,sd:null,,,
1747218292160,emergency:false,,,
1747218292160,address:10.45.0.9,,,
1747218292160,ambr:up[1000000Kb/s]down[1000000Kb/s],,,
1747218292160,data-pending:false,,,
1747218293180,session-type:IPv4,,,
1747218293180,apn:internet,,,
1747218293180,s-nssai:,,,
1747218293180,sst:0x01,,,
1747218293180,sd:null,,,
1747218293180,emergency:false,,,
1747218293180,address:10.45.0.9,,,
1747218293180,ambr:up[1000000Kb/s]down[1000000Kb/s],,,
1747218293180,data-pending:false,,,
1747218294204,session-type:IPv4,,,
1747218294204,apn:internet,,,
1747218294204,s-nssai:,,,
1747218294204,sst:0x01,,,
1747218294204,sd:null,,,
1747218294204,emergency:false,,,
1747218294204,address:10.45.0.9,,,
1747218294204,ambr:up[1000000Kb/s]down[1000000Kb/s],,,
1747218294204,data-pending:false,,,
1747218295230,session-type:IPv4,,,
1747218295230,apn:internet,,,
1747218295230,s-nssai:,,,
1747218295230,sst:0x01,,,
1747218295230,sd:null,,,
1747218295230,emergency:false,,,
1747218295230,address:10.45.0.9,,,
1747218295230,ambr:up[1000000Kb/s]down[1000000Kb/s],,,
1747218295230,data-pending:false,,,
1747218296253,session-type:IPv4,,,
1747218296253,apn:internet,,,
1747218296253,s-nssai:,,,
1747218296253,sst:0x01,,,
1747218296253,sd:null,,,
1747218296253,emergency:false,,,
1747218296253,address:10.45.0.9,,,
1747218296253,ambr:up[1000000Kb/s]down[1000000Kb/s],,,
1747218296253,data-pending:false,,,
1747218297279,session-type:IPv4,,,
1747218297279,apn:internet,,,
1747218297279,s-nssai:,,,
1747218297279,sst:0x01,,,
1747218297279,sd:null,,,
1747218297279,emergency:false,,,
1747218297279,address:10.45.0.9,,,
1747218297279,ambr:up[1000000Kb/s]down[1000000Kb/s],,,
1747218297279,data-pending:false,,,
1747218298305,session-type:IPv4,,,
1747218298305,apn:internet,,,
1747218298305,s-nssai:,,,
1747218298305,sst:0x01,,,
1747218298305,sd:null,,,
1747218298305,emergency:false,,,
1747218298305,address:10.45.0.9,,,
1747218298305,ambr:up[1000000Kb/s]down[1000000Kb/s],,,
1747218298305,data-pending:false,,,
1747218299333,session-type:IPv4,,,
1747218299333,apn:internet,,,
1747218299333,s-nssai:,,,
1747218299333,sst:0x01,,,
1747218299333,sd:null,,,
1747218299333,emergency:false,,,
1747218299333,address:10.45.0.9,,,
1747218299333,ambr:up[1000000Kb/s]down[1000000Kb/s],,,
1747218299333,data-pending:false,,,
1747218300360,session-type:IPv4,,,
1747218300360,apn:internet,,,
1747218300360,s-nssai:,,,
1747218300360,sst:0x01,,,
1747218300360,sd:null,,,
1747218300360,emergency:false,,,
1747218300360,address:10.45.0.9,,,
1747218300360,ambr:up[1000000Kb/s]down[1000000Kb/s],,,
1747218300360,data-pending:false,,,
1747218301387,session-type:IPv4,,,
1747218301387,apn:internet,,,
1747218301387,s-nssai:,,,
1747218301387,sst:0x01,,,
1747218301387,sd:null,,,
1747218301387,emergency:false,,,
1747218301387,address:10.45.0.9,,,
1747218301387,ambr:up[1000000Kb/s]down[1000000Kb/s],,,
1747218301387,data-pending:false,,,
1747218302414,session-type:IPv4,,,
1747218302414,apn:internet,,,
1747218302414,s-nssai:,,,
1747218302414,sst:0x01,,,
1747218302414,sd:null,,,
1747218302414,emergency:false,,,
1747218302414,address:10.45.0.9,,,
1747218302414,ambr:up[1000000Kb/s]down[1000000Kb/s],,,
1747218302414,data-pending:false,,,
1747218303441,session-type:IPv4,,,
1747218303441,apn:internet,,,
1747218303441,s-nssai:,,,
1747218303441,sst:0x01,,,
1747218303441,sd:null,,,
1747218303441,emergency:false,,,
1747218303441,address:10.45.0.9,,,
1747218303441,ambr:up[1000000Kb/s]down[1000000Kb/s],,,
1747218303441,data-pending:false,,,
1747218304468,session-type:IPv4,,,
1747218304468,apn:internet,,,
1747218304468,s-nssai:,,,
1747218304468,sst:0x01,,,
1747218304468,sd:null,,,
1747218304468,emergency:false,,,
1747218304468,address:10.45.0.9,,,
1747218304468,ambr:up[1000000Kb/s]down[1000000Kb/s],,,
1747218304468,data-pending:false,,,
1747218305494,session-type:IPv4,,,
1747218305494,apn:internet,,,
1747218305494,s-nssai:,,,
1747218305494,sst:0x01,,,
1747218305494,sd:null,,,
1747218305494,emergency:false,,,
1747218305494,address:10.45.0.9,,,
1747218305494,ambr:up[1000000Kb/s]down[1000000Kb/s],,,
1747218305494,data-pending:false,,,
1747218306520,session-type:IPv4,,,
1747218306520,apn:internet,,,
1747218306520,s-nssai:,,,
1747218306520,sst:0x01,,,
1747218306520,sd:null,,,
1747218306520,emergency:false,,,
1747218306520,address:10.45.0.9,,,
1747218306520,ambr:up[1000000Kb/s]down[1000000Kb/s],,,
1747218306520,data-pending:false,,,
1747218307545,session-type:IPv4,,,
1747218307545,apn:internet,,,
1747218307545,s-nssai:,,,
1747218307545,sst:0x01,,,
1747218307545,sd:null,,,
1747218307545,emergency:false,,,
1747218307545,address:10.45.0.9,,,
1747218307545,ambr:up[1000000Kb/s]down[1000000Kb/s],,,
1747218307545,data-pending:false,,,
1747218308571,session-type:IPv4,,,
1747218308571,apn:internet,,,
1747218308571,s-nssai:,,,
1747218308571,sst:0x01,,,
1747218308571,sd:null,,,
1747218308571,emergency:false,,,
1747218308571,address:10.45.0.9,,,
1747218308571,ambr:up[1000000Kb/s]down[1000000Kb/s],,,
1747218308571,data-pending:false,,,
1747218309598,session-type:IPv4,,,
1747218309598,apn:internet,,,
1747218309598,s-nssai:,,,
1747218309598,sst:0x01,,,
1747218309598,sd:null,,,
1747218309598,emergency:false,,,
1747218309598,address:10.45.0.9,,,
1747218309598,ambr:up[1000000Kb/s]down[1000000Kb/s],,,
1747218309598,data-pending:false,,,
1747218310624,session-type:IPv4,,,
1747218310624,apn:internet,,,
1747218310624,s-nssai:,,,
1747218310624,sst:0x01,,,
1747218310624,sd:null,,,
1747218310624,emergency:false,,,
1747218310624,address:10.45.0.9,,,
1747218310624,ambr:up[1000000Kb/s]down[1000000Kb/s],,,
1747218310624,data-pending:false,,,
1747218311650,session-type:IPv4,,,
1747218311650,apn:internet,,,
1747218311650,s-nssai:,,,
1747218311650,sst:0x01,,,
1747218311650,sd:null,,,
1747218311650,emergency:false,,,
1747218311650,address:10.45.0.9,,,
1747218311650,ambr:up[1000000Kb/s]down[1000000Kb/s],,,
1747218311650,data-pending:false,,,
1747218312676,session-type:IPv4,,,
1747218312676,apn:internet,,,
1747218312676,s-nssai:,,,
1747218312676,sst:0x01,,,
1747218312676,sd:null,,,
1747218312676,emergency:false,,,
1747218312676,address:10.45.0.9,,,
1747218312676,ambr:up[1000000Kb/s]down[1000000Kb/s],,,
1747218312676,data-pending:false,,,
1747218313703,session-type:IPv4,,,
1747218313703,apn:internet,,,
1747218313703,s-nssai:,,,
1747218313703,sst:0x01,,,
1747218313703,sd:null,,,
1747218313703,emergency:false,,,
1747218313703,address:10.45.0.9,,,
1747218313703,ambr:up[1000000Kb/s]down[1000000Kb/s],,,
1747218313703,data-pending:false,,,
1747218314730,session-type:IPv4,,,
1747218314730,apn:internet,,,
1747218314730,s-nssai:,,,
1747218314730,sst:0x01,,,
1747218314730,sd:null,,,
1747218314730,emergency:false,,,
1747218314730,address:10.45.0.9,,,
1747218314730,ambr:up[1000000Kb/s]down[1000000Kb/s],,,
1747218314730,data-pending:false,,,
1747218315756,session-type:IPv4,,,
1747218315756,apn:internet,,,
1747218315756,s-nssai:,,,
1747218315756,sst:0x01,,,
1747218315756,sd:null,,,
1747218315756,emergency:false,,,
1747218315756,address:10.45.0.9,,,
1747218315756,ambr:up[1000000Kb/s]down[1000000Kb/s],,,
1747218315756,data-pending:false,,,
1747218316783,session-type:IPv4,,,
1747218316783,apn:internet,,,
1747218316783,s-nssai:,,,
1747218316783,sst:0x01,,,
1747218316783,sd:null,,,
1747218316783,emergency:false,,,
1747218316783,address:10.45.0.9,,,
1747218316783,ambr:up[1000000Kb/s]down[1000000Kb/s],,,
1747218316783,data-pending:false,,,
1747218317810,session-type:IPv4,,,
1747218317810,apn:internet,,,
1747218317810,s-nssai:,,,
1747218317810,sst:0x01,,,
1747218317810,sd:null,,,
1747218317810,emergency:false,,,
1747218317810,address:10.45.0.9,,,
1747218317810,ambr:up[1000000Kb/s]down[1000000Kb/s],,,
1747218317810,data-pending:false,,,
1747218318836,session-type:IPv4,,,
1747218318836,apn:internet,,,
1747218318836,s-nssai:,,,
1747218318836,sst:0x01,,,
1747218318836,sd:null,,,
1747218318836,emergency:false,,,
1747218318836,address:10.45.0.9,,,
1747218318836,ambr:up[1000000Kb/s]down[1000000Kb/s],,,
1747218318836,data-pending:false,,,
1747218319863,session-type:IPv4,,,
1747218319863,apn:internet,,,
1747218319863,s-nssai:,,,
1747218319863,sst:0x01,,,
1747218319863,sd:null,,,
1747218319863,emergency:false,,,
1747218319863,address:10.45.0.9,,,
1747218319863,ambr:up[1000000Kb/s]down[1000000Kb/s],,,
1747218319863,data-pending:false,,,
1747218320890,session-type:IPv4,,,
1747218320890,apn:internet,,,
1747218320890,s-nssai:,,,
1747218320890,sst:0x01,,,
1747218320890,sd:null,,,
1747218320890,emergency:false,,,
1747218320890,address:10.45.0.9,,,
1747218320890,ambr:up[1000000Kb/s]down[1000000Kb/s],,,
1747218320890,data-pending:false,,,
1747218321916,session-type:IPv4,,,
1747218321916,apn:internet,,,
1747218321916,s-nssai:,,,
1747218321916,sst:0x01,,,
1747218321916,sd:null,,,
1747218321916,emergency:false,,,
1747218321916,address:10.45.0.9,,,
1747218321916,ambr:up[1000000Kb/s]down[1000000Kb/s],,,
1747218321916,data-pending:false,,,
1747218322942,session-type:IPv4,,,
1747218322942,apn:internet,,,
1747218322942,s-nssai:,,,
1747218322942,sst:0x01,,,
1747218322942,sd:null,,,
1747218322942,emergency:false,,,
1747218322942,address:10.45.0.9,,,
1747218322942,ambr:up[1000000Kb/s]down[1000000Kb/s],,,
1747218322942,data-pending:false,,,
1747218323964,session-type:IPv4,,,
1747218323964,apn:internet,,,
1747218323964,s-nssai:,,,
1747218323964,sst:0x01,,,
1747218323964,sd:null,,,
1747218323964,emergency:false,,,
1747218323964,address:10.45.0.9,,,
1747218323964,ambr:up[1000000Kb/s]down[1000000Kb/s],,,
1747218323964,data-pending:false,,,
1747218324990,session-type:IPv4,,,
1747218324990,apn:internet,,,
1747218324990,s-nssai:,,,
1747218324990,sst:0x01,,,
1747218324990,sd:null,,,
1747218324990,emergency:false,,,
1747218324990,address:10.45.0.9,,,
1747218324990,ambr:up[1000000Kb/s]down[1000000Kb/s],,,
1747218324990,data-pending:false,,,
1747218326016,session-type:IPv4,,,
1747218326016,apn:internet,,,
1747218326016,s-nssai:,,,
1747218326016,sst:0x01,,,
1747218326016,sd:null,,,
1747218326016,emergency:false,,,
1747218326016,address:10.45.0.9,,,
1747218326016,ambr:up[1000000Kb/s]down[1000000Kb/s],,,
1747218326016,data-pending:false,,,
1747218327038,session-type:IPv4,,,
1747218327038,apn:internet,,,
1747218327038,s-nssai:,,,
1747218327038,sst:0x01,,,
1747218327038,sd:null,,,
1747218327038,emergency:false,,,
1747218327038,address:10.45.0.9,,,
1747218327038,ambr:up[1000000Kb/s]down[1000000Kb/s],,,
1747218327038,data-pending:false,,,
1747218328064,session-type:IPv4,,,
1747218328064,apn:internet,,,
1747218328064,s-nssai:,,,
1747218328064,sst:0x01,,,
1747218328064,sd:null,,,
1747218328064,emergency:false,,,
1747218328064,address:10.45.0.9,,,
1747218328064,ambr:up[1000000Kb/s]down[1000000Kb/s],,,
1747218328064,data-pending:false,,,
1747218329091,session-type:IPv4,,,
1747218329091,apn:internet,,,
1747218329091,s-nssai:,,,
1747218329091,sst:0x01,,,
1747218329091,sd:null,,,
1747218329091,emergency:false,,,
1747218329091,address:10.45.0.9,,,
1747218329091,ambr:up[1000000Kb/s]down[1000000Kb/s],,,
1747218329091,data-pending:false,,,
1747218330113,session-type:IPv4,,,
1747218330113,apn:internet,,,
1747218330113,s-nssai:,,,
1747218330113,sst:0x01,,,
1747218330113,sd:null,,,
1747218330113,emergency:false,,,
1747218330113,address:10.45.0.9,,,
1747218330113,ambr:up[1000000Kb/s]down[1000000Kb/s],,,
1747218330113,data-pending:false,,,
1747218331140,session-type:IPv4,,,
1747218331140,apn:internet,,,
1747218331140,s-nssai:,,,
1747218331140,sst:0x01,,,
1747218331140,sd:null,,,
1747218331140,emergency:false,,,
1747218331140,address:10.45.0.9,,,
1747218331140,ambr:up[1000000Kb/s]down[1000000Kb/s],,,
1747218331140,data-pending:false,,,
1747218332166,session-type:IPv4,,,
1747218332166,apn:internet,,,
1747218332166,s-nssai:,,,
1747218332166,sst:0x01,,,
1747218332166,sd:null,,,
1747218332166,emergency:false,,,
1747218332166,address:10.45.0.9,,,
1747218332166,ambr:up[1000000Kb/s]down[1000000Kb/s],,,
1747218332166,data-pending:false,,,
1747218333188,session-type:IPv4,,,
1747218333188,apn:internet,,,
1747218333188,s-nssai:,,,
1747218333188,sst:0x01,,,
1747218333188,sd:null,,,
1747218333188,emergency:false,,,
1747218333188,address:10.45.0.9,,,
1747218333188,ambr:up[1000000Kb/s]down[1000000Kb/s],,,
1747218333188,data-pending:false,,,
1747218334213,session-type:IPv4,,,
1747218334213,apn:internet,,,
1747218334213,s-nssai:,,,
1747218334213,sst:0x01,,,
1747218334213,sd:null,,,
1747218334213,emergency:false,,,
1747218334213,address:10.45.0.9,,,
1747218334213,ambr:up[1000000Kb/s]down[1000000Kb/s],,,
1747218334213,data-pending:false,,,
1747218335238,session-type:IPv4,,,
1747218335238,apn:internet,,,
1747218335238,s-nssai:,,,
1747218335238,sst:0x01,,,
1747218335238,sd:null,,,
1747218335238,emergency:false,,,
1747218335238,address:10.45.0.9,,,
1747218335238,ambr:up[1000000Kb/s]down[1000000Kb/s],,,
1747218335238,data-pending:false,,,
1747218336264,session-type:IPv4,,,
1747218336264,apn:internet,,,
1747218336264,s-nssai:,,,
1747218336264,sst:0x01,,,
1747218336264,sd:null,,,
1747218336264,emergency:false,,,
1747218336264,address:10.45.0.9,,,
1747218336264,ambr:up[1000000Kb/s]down[1000000Kb/s],,,
1747218336264,data-pending:false,,,
1747218337286,session-type:IPv4,,,
1747218337286,apn:internet,,,
1747218337286,s-nssai:,,,
1747218337286,sst:0x01,,,
1747218337286,sd:null,,,
1747218337286,emergency:false,,,
1747218337286,address:10.45.0.9,,,
1747218337286,ambr:up[1000000Kb/s]down[1000000Kb/s],,,
1747218337286,data-pending:false,,,
1747218338312,session-type:IPv4,,,
1747218338312,apn:internet,,,
1747218338312,s-nssai:,,,
1747218338312,sst:0x01,,,
1747218338312,sd:null,,,
1747218338312,emergency:false,,,
1747218338312,address:10.45.0.9,,,
1747218338312,ambr:up[1000000Kb/s]down[1000000Kb/s],,,
1747218338312,data-pending:false,,,
1747218339339,session-type:IPv4,,,
1747218339339,apn:internet,,,
1747218339339,s-nssai:,,,
1747218339339,sst:0x01,,,
1747218339339,sd:null,,,
1747218339339,emergency:false,,,
1747218339339,address:10.45.0.9,,,
1747218339339,ambr:up[1000000Kb/s]down[1000000Kb/s],,,
1747218339339,data-pending:false,,,
1747218340361,session-type:IPv4,,,
1747218340361,apn:internet,,,
1747218340361,s-nssai:,,,
1747218340361,sst:0x01,,,
1747218340361,sd:null,,,
1747218340361,emergency:false,,,
1747218340361,address:10.45.0.9,,,
1747218340361,ambr:up[1000000Kb/s]down[1000000Kb/s],,,
1747218340361,data-pending:false,,,
1747218341389,session-type:IPv4,,,
1747218341389,apn:internet,,,
1747218341389,s-nssai:,,,
1747218341389,sst:0x01,,,
1747218341389,sd:null,,,
1747218341389,emergency:false,,,
1747218341389,address:10.45.0.9,,,
1747218341389,ambr:up[1000000Kb/s]down[1000000Kb/s],,,
1747218341389,data-pending:false,,,
1747218342415,session-type:IPv4,,,
1747218342415,apn:internet,,,
1747218342415,s-nssai:,,,
1747218342415,sst:0x01,,,
1747218342415,sd:null,,,
1747218342415,emergency:false,,,
1747218342415,address:10.45.0.9,,,
1747218342415,ambr:up[1000000Kb/s]down[1000000Kb/s],,,
1747218342415,data-pending:false,,,
1747218343441,session-type:IPv4,,,
1747218343441,apn:internet,,,
1747218343441,s-nssai:,,,
1747218343441,sst:0x01,,,
1747218343441,sd:null,,,
1747218343441,emergency:false,,,
1747218343441,address:10.45.0.9,,,
1747218343441,ambr:up[1000000Kb/s]down[1000000Kb/s],,,
1747218343441,data-pending:false,,,
1747218344468,session-type:IPv4,,,
1747218344468,apn:internet,,,
1747218344468,s-nssai:,,,
1747218344468,sst:0x01,,,
1747218344468,sd:null,,,
1747218344468,emergency:false,,,
1747218344468,address:10.45.0.9,,,
1747218344468,ambr:up[1000000Kb/s]down[1000000Kb/s],,,
1747218344468,data-pending:false,,,
1747218345493,session-type:IPv4,,,
1747218345493,apn:internet,,,
1747218345493,s-nssai:,,,
1747218345493,sst:0x01,,,
1747218345493,sd:null,,,
1747218345493,emergency:false,,,
1747218345493,address:10.45.0.9,,,
1747218345493,ambr:up[1000000Kb/s]down[1000000Kb/s],,,
1747218345493,data-pending:false,,,
1747218346518,session-type:IPv4,,,
1747218346518,apn:internet,,,
1747218346518,s-nssai:,,,
1747218346518,sst:0x01,,,
1747218346518,sd:null,,,
1747218346518,emergency:false,,,
1747218346518,address:10.45.0.9,,,
1747218346518,ambr:up[1000000Kb/s]down[1000000Kb/s],,,
1747218346518,data-pending:false,,,
1747218347544,session-type:IPv4,,,
1747218347544,apn:internet,,,
1747218347544,s-nssai:,,,
1747218347544,sst:0x01,,,
1747218347544,sd:null,,,
1747218347544,emergency:false,,,
1747218347544,address:10.45.0.9,,,
1747218347544,ambr:up[1000000Kb/s]down[1000000Kb/s],,,
1747218347544,data-pending:false,,,
1747218348568,session-type:IPv4,,,
1747218348568,apn:internet,,,
1747218348568,s-nssai:,,,
1747218348568,sst:0x01,,,
1747218348568,sd:null,,,
1747218348568,emergency:false,,,
1747218348568,address:10.45.0.9,,,
1747218348568,ambr:up[1000000Kb/s]down[1000000Kb/s],,,
1747218348568,data-pending:false,,,
1747218349594,session-type:IPv4,,,
1747218349594,apn:internet,,,
1747218349594,s-nssai:,,,
1747218349594,sst:0x01,,,
1747218349594,sd:null,,,
1747218349594,emergency:false,,,
1747218349594,address:10.45.0.9,,,
1747218349594,ambr:up[1000000Kb/s]down[1000000Kb/s],,,
1747218349594,data-pending:false,,,
1747218350619,session-type:IPv4,,,
1747218350619,apn:internet,,,
1747218350619,s-nssai:,,,
1747218350619,sst:0x01,,,
1747218350619,sd:null,,,
1747218350619,emergency:false,,,
1747218350619,address:10.45.0.9,,,
1747218350619,ambr:up[1000000Kb/s]down[1000000Kb/s],,,
1747218350619,data-pending:false,,,
1747218351644,session-type:IPv4,,,
1747218351644,apn:internet,,,
1747218351644,s-nssai:,,,
1747218351644,sst:0x01,,,
1747218351644,sd:null,,,
1747218351644,emergency:false,,,
1747218351644,address:10.45.0.9,,,
1747218351644,ambr:up[1000000Kb/s]down[1000000Kb/s],,,
1747218351644,data-pending:false,,,
1747218352669,session-type:IPv4,,,
1747218352669,apn:internet,,,
1747218352669,s-nssai:,,,
1747218352669,sst:0x01,,,
1747218352669,sd:null,,,
1747218352669,emergency:false,,,
1747218352669,address:10.45.0.9,,,
1747218352669,ambr:up[1000000Kb/s]down[1000000Kb/s],,,
1747218352669,data-pending:false,,,
1747218353696,session-type:IPv4,,,
1747218353696,apn:internet,,,
1747218353696,s-nssai:,,,
1747218353696,sst:0x01,,,
1747218353696,sd:null,,,
1747218353696,emergency:false,,,
1747218353696,address:10.45.0.9,,,
1747218353696,ambr:up[1000000Kb/s]down[1000000Kb/s],,,
1747218353696,data-pending:false,,,
1747218354721,session-type:IPv4,,,
1747218354721,apn:internet,,,
1747218354721,s-nssai:,,,
1747218354721,sst:0x01,,,
1747218354721,sd:null,,,
1747218354721,emergency:false,,,
1747218354721,address:10.45.0.9,,,
1747218354721,ambr:up[1000000Kb/s]down[1000000Kb/s],,,
1747218354721,data-pending:false,,,
1747218355747,session-type:IPv4,,,
1747218355747,apn:internet,,,
1747218355747,s-nssai:,,,
1747218355747,sst:0x01,,,
1747218355747,sd:null,,,
1747218355747,emergency:false,,,
1747218355747,address:10.45.0.9,,,
1747218355747,ambr:up[1000000Kb/s]down[1000000Kb/s],,,
1747218355747,data-pending:false,,,
1747218356774,session-type:IPv4,,,
1747218356774,apn:internet,,,
1747218356774,s-nssai:,,,
1747218356774,sst:0x01,,,
1747218356774,sd:null,,,
1747218356774,emergency:false,,,
1747218356774,address:10.45.0.9,,,
1747218356774,ambr:up[1000000Kb/s]down[1000000Kb/s],,,
1747218356774,data-pending:false,,,
1747218357800,session-type:IPv4,,,
1747218357800,apn:internet,,,
1747218357800,s-nssai:,,,
1747218357800,sst:0x01,,,
1747218357800,sd:null,,,
1747218357800,emergency:false,,,
1747218357800,address:10.45.0.9,,,
1747218357800,ambr:up[1000000Kb/s]down[1000000Kb/s],,,
1747218357800,data-pending:false,,,
1747218358826,session-type:IPv4,,,
1747218358826,apn:internet,,,
1747218358826,s-nssai:,,,
1747218358826,sst:0x01,,,
1747218358826,sd:null,,,
1747218358826,emergency:false,,,
1747218358826,address:10.45.0.9,,,
1747218358826,ambr:up[1000000Kb/s]down[1000000Kb/s],,,
1747218358826,data-pending:false,,,
1747218359852,session-type:IPv4,,,
1747218359852,apn:internet,,,
1747218359852,s-nssai:,,,
1747218359852,sst:0x01,,,
1747218359852,sd:null,,,
1747218359852,emergency:false,,,
1747218359852,address:10.45.0.9,,,
1747218359852,ambr:up[1000000Kb/s]down[1000000Kb/s],,,
1747218359852,data-pending:false,,,
1747218360877,session-type:IPv4,,,
1747218360877,apn:internet,,,
1747218360877,s-nssai:,,,
1747218360877,sst:0x01,,,
1747218360877,sd:null,,,
1747218360877,emergency:false,,,
1747218360877,address:10.45.0.9,,,
1747218360877,ambr:up[1000000Kb/s]down[1000000Kb/s],,,
1747218360877,data-pending:false,,,
1747218361901,session-type:IPv4,,,
1747218361901,apn:internet,,,
1747218361901,s-nssai:,,,
1747218361901,sst:0x01,,,
1747218361901,sd:null,,,
1747218361901,emergency:false,,,
1747218361901,address:10.45.0.9,,,
1747218361901,ambr:up[1000000Kb/s]down[1000000Kb/s],,,
1747218361901,data-pending:false,,,
1747218362927,session-type:IPv4,,,
1747218362927,apn:internet,,,
1747218362927,s-nssai:,,,
1747218362927,sst:0x01,,,
1747218362927,sd:null,,,
1747218362927,emergency:false,,,
1747218362927,address:10.45.0.9,,,
1747218362927,ambr:up[1000000Kb/s]down[1000000Kb/s],,,
1747218362927,data-pending:false,,,
1747218363951,session-type:IPv4,,,
1747218363951,apn:internet,,,
1747218363951,s-nssai:,,,
1747218363951,sst:0x01,,,
1747218363951,sd:null,,,
1747218363951,emergency:false,,,
1747218363951,address:10.45.0.9,,,
1747218363951,ambr:up[1000000Kb/s]down[1000000Kb/s],,,
1747218363951,data-pending:false,,,
1747218364973,session-type:IPv4,,,
1747218364973,apn:internet,,,
1747218364973,s-nssai:,,,
1747218364973,sst:0x01,,,
1747218364973,sd:null,,,
1747218364973,emergency:false,,,
1747218364973,address:10.45.0.9,,,
1747218364973,ambr:up[1000000Kb/s]down[1000000Kb/s],,,
1747218364973,data-pending:false,,,
1747218366000,session-type:IPv4,,,
1747218366000,apn:internet,,,
1747218366000,s-nssai:,,,
1747218366000,sst:0x01,,,
1747218366000,sd:null,,,
1747218366000,emergency:false,,,
1747218366000,address:10.45.0.9,,,
1747218366000,ambr:up[1000000Kb/s]down[1000000Kb/s],,,
1747218366000,data-pending:false,,,
1747218367028,session-type:IPv4,,,
1747218367028,apn:internet,,,
1747218367028,s-nssai:,,,
1747218367028,sst:0x01,,,
1747218367028,sd:null,,,
1747218367028,emergency:false,,,
1747218367028,address:10.45.0.9,,,
1747218367028,ambr:up[1000000Kb/s]down[1000000Kb/s],,,
1747218367028,data-pending:false,,,
1747218368055,session-type:IPv4,,,
1747218368055,apn:internet,,,
1747218368055,s-nssai:,,,
1747218368055,sst:0x01,,,
1747218368055,sd:null,,,
1747218368055,emergency:false,,,
1747218368055,address:10.45.0.9,,,
1747218368055,ambr:up[1000000Kb/s]down[1000000Kb/s],,,
1747218368055,data-pending:false,,,
1747218369081,session-type:IPv4,,,
1747218369081,apn:internet,,,
1747218369081,s-nssai:,,,
1747218369081,sst:0x01,,,
1747218369081,sd:null,,,
1747218369081,emergency:false,,,
1747218369081,address:10.45.0.9,,,
1747218369081,ambr:up[1000000Kb/s]down[1000000Kb/s],,,
1747218369081,data-pending:false,,,
1747218370109,session-type:IPv4,,,
1747218370109,apn:internet,,,
1747218370109,s-nssai:,,,
1747218370109,sst:0x01,,,
1747218370109,sd:null,,,
1747218370109,emergency:false,,,
1747218370109,address:10.45.0.9,,,
1747218370109,ambr:up[1000000Kb/s]down[1000000Kb/s],,,
1747218370109,data-pending:false,,,
1747218371138,session-type:IPv4,,,
1747218371138,apn:internet,,,
1747218371138,s-nssai:,,,
1747218371138,sst:0x01,,,
1747218371138,sd:null,,,
1747218371138,emergency:false,,,
1747218371138,address:10.45.0.9,,,
1747218371138,ambr:up[1000000Kb/s]down[1000000Kb/s],,,
1747218371138,data-pending:false,,,
1747218372165,session-type:IPv4,,,
1747218372165,apn:internet,,,
1747218372165,s-nssai:,,,
1747218372165,sst:0x01,,,
1747218372165,sd:null,,,
1747218372165,emergency:false,,,
1747218372165,address:10.45.0.9,,,
1747218372165,ambr:up[1000000Kb/s]down[1000000Kb/s],,,
1747218372165,data-pending:false,,,
1747218373189,session-type:IPv4,,,
1747218373189,apn:internet,,,
1747218373189,s-nssai:,,,
1747218373189,sst:0x01,,,
1747218373189,sd:null,,,
1747218373189,emergency:false,,,
1747218373189,address:10.45.0.9,,,
1747218373189,ambr:up[1000000Kb/s]down[1000000Kb/s],,,
1747218373189,data-pending:false,,,
1747218374217,session-type:IPv4,,,
1747218374217,apn:internet,,,
1747218374217,s-nssai:,,,
1747218374217,sst:0x01,,,
1747218374217,sd:null,,,
1747218374217,emergency:false,,,
1747218374217,address:10.45.0.9,,,
1747218374217,ambr:up[1000000Kb/s]down[1000000Kb/s],,,
1747218374217,data-pending:false,,,
1747218375243,session-type:IPv4,,,
1747218375243,apn:internet,,,
1747218375243,s-nssai:,,,
1747218375243,sst:0x01,,,
1747218375243,sd:null,,,
1747218375243,emergency:false,,,
1747218375243,address:10.45.0.9,,,
1747218375243,ambr:up[1000000Kb/s]down[1000000Kb/s],,,
1747218375243,data-pending:false,,,
1747218376269,session-type:IPv4,,,
1747218376269,apn:internet,,,
1747218376269,s-nssai:,,,
1747218376269,sst:0x01,,,
1747218376269,sd:null,,,
1747218376269,emergency:false,,,
1747218376269,address:10.45.0.9,,,
1747218376269,ambr:up[1000000Kb/s]down[1000000Kb/s],,,
1747218376269,data-pending:false,,,
1747218377296,session-type:IPv4,,,
1747218377296,apn:internet,,,
1747218377296,s-nssai:,,,
1747218377296,sst:0x01,,,
1747218377296,sd:null,,,
1747218377296,emergency:false,,,
1747218377296,address:10.45.0.9,,,
1747218377296,ambr:up[1000000Kb/s]down[1000000Kb/s],,,
1747218377296,data-pending:false,,,
1747218378322,session-type:IPv4,,,
1747218378322,apn:internet,,,
1747218378322,s-nssai:,,,
1747218378322,sst:0x01,,,
1747218378322,sd:null,,,
1747218378322,emergency:false,,,
1747218378322,address:10.45.0.9,,,
1747218378322,ambr:up[1000000Kb/s]down[1000000Kb/s],,,
1747218378322,data-pending:false,,,
1747218379348,session-type:IPv4,,,
1747218379348,apn:internet,,,
1747218379348,s-nssai:,,,
1747218379348,sst:0x01,,,
1747218379348,sd:null,,,
1747218379348,emergency:false,,,
1747218379348,address:10.45.0.9,,,
1747218379348,ambr:up[1000000Kb/s]down[1000000Kb/s],,,
1747218379348,data-pending:false,,,
1747218380376,session-type:IPv4,,,
1747218380376,apn:internet,,,
1747218380376,s-nssai:,,,
1747218380376,sst:0x01,,,
1747218380376,sd:null,,,
1747218380376,emergency:false,,,
1747218380376,address:10.45.0.9,,,
1747218380376,ambr:up[1000000Kb/s]down[1000000Kb/s],,,
1747218380376,data-pending:false,,,
1747218381404,session-type:IPv4,,,
1747218381404,apn:internet,,,
1747218381404,s-nssai:,,,
1747218381404,sst:0x01,,,
1747218381404,sd:null,,,
1747218381404,emergency:false,,,
1747218381404,address:10.45.0.9,,,
1747218381404,ambr:up[1000000Kb/s]down[1000000Kb/s],,,
1747218381404,data-pending:false,,,
1747218382432,session-type:IPv4,,,
1747218382432,apn:internet,,,
1747218382432,s-nssai:,,,
1747218382432,sst:0x01,,,
1747218382432,sd:null,,,
1747218382432,emergency:false,,,
1747218382432,address:10.45.0.9,,,
1747218382432,ambr:up[1000000Kb/s]down[1000000Kb/s],,,
1747218382432,data-pending:false,,,
1747218383459,session-type:IPv4,,,
1747218383459,apn:internet,,,
1747218383459,s-nssai:,,,
1747218383459,sst:0x01,,,
1747218383459,sd:null,,,
1747218383459,emergency:false,,,
1747218383459,address:10.45.0.9,,,
1747218383459,ambr:up[1000000Kb/s]down[1000000Kb/s],,,
1747218383459,data-pending:false,,,
1747218384486,session-type:IPv4,,,
1747218384486,apn:internet,,,
1747218384486,s-nssai:,,,
1747218384486,sst:0x01,,,
1747218384486,sd:null,,,
1747218384486,emergency:false,,,
1747218384486,address:10.45.0.9,,,
1747218384486,ambr:up[1000000Kb/s]down[1000000Kb/s],,,
1747218384486,data-pending:false,,,
1747218385514,session-type:IPv4,,,
1747218385514,apn:internet,,,
1747218385514,s-nssai:,,,
1747218385514,sst:0x01,,,
1747218385514,sd:null,,,
1747218385514,emergency:false,,,
1747218385514,address:10.45.0.9,,,
1747218385514,ambr:up[1000000Kb/s]down[1000000Kb/s],,,
1747218385514,data-pending:false,,,
1747218386541,session-type:IPv4,,,
1747218386541,apn:internet,,,
1747218386541,s-nssai:,,,
1747218386541,sst:0x01,,,
1747218386541,sd:null,,,
1747218386541,emergency:false,,,
1747218386541,address:10.45.0.9,,,
1747218386541,ambr:up[1000000Kb/s]down[1000000Kb/s],,,
1747218386541,data-pending:false,,,
1747218387568,session-type:IPv4,,,
1747218387568,apn:internet,,,
1747218387568,s-nssai:,,,
1747218387568,sst:0x01,,,
1747218387568,sd:null,,,
1747218387568,emergency:false,,,
1747218387568,address:10.45.0.9,,,
1747218387568,ambr:up[1000000Kb/s]down[1000000Kb/s],,,
1747218387568,data-pending:false,,,
1747218388595,session-type:IPv4,,,
1747218388595,apn:internet,,,
1747218388595,s-nssai:,,,
1747218388595,sst:0x01,,,
1747218388595,sd:null,,,
1747218388595,emergency:false,,,
1747218388595,address:10.45.0.9,,,
1747218388595,ambr:up[1000000Kb/s]down[1000000Kb/s],,,
1747218388595,data-pending:false,,,
1747218389622,session-type:IPv4,,,
1747218389622,apn:internet,,,
1747218389622,s-nssai:,,,
1747218389622,sst:0x01,,,
1747218389622,sd:null,,,
1747218389622,emergency:false,,,
1747218389622,address:10.45.0.9,,,
1747218389622,ambr:up[1000000Kb/s]down[1000000Kb/s],,,
1747218389622,data-pending:false,,,
1747218390646,session-type:IPv4,,,
1747218390646,apn:internet,,,
1747218390646,s-nssai:,,,
1747218390646,sst:0x01,,,
1747218390646,sd:null,,,
1747218390646,emergency:false,,,
1747218390646,address:10.45.0.9,,,
1747218390646,ambr:up[1000000Kb/s]down[1000000Kb/s],,,
1747218390646,data-pending:false,,,
1747218391672,session-type:IPv4,,,
1747218391672,apn:internet,,,
1747218391672,s-nssai:,,,
1747218391672,sst:0x01,,,
1747218391672,sd:null,,,
1747218391672,emergency:false,,,
1747218391672,address:10.45.0.9,,,
1747218391672,ambr:up[1000000Kb/s]down[1000000Kb/s],,,
1747218391672,data-pending:false,,,
1747218392698,session-type:IPv4,,,
1747218392698,apn:internet,,,
1747218392698,s-nssai:,,,
1747218392698,sst:0x01,,,
1747218392698,sd:null,,,
1747218392698,emergency:false,,,
1747218392698,address:10.45.0.9,,,
1747218392698,ambr:up[1000000Kb/s]down[1000000Kb/s],,,
1747218392698,data-pending:false,,,
1747218393726,session-type:IPv4,,,
1747218393726,apn:internet,,,
1747218393726,s-nssai:,,,
1747218393726,sst:0x01,,,
1747218393726,sd:null,,,
1747218393726,emergency:false,,,
1747218393726,address:10.45.0.9,,,
1747218393726,ambr:up[1000000Kb/s]down[1000000Kb/s],,,
1747218393726,data-pending:false,,,
1747218394757,session-type:IPv4,,,
1747218394757,apn:internet,,,
1747218394757,s-nssai:,,,
1747218394757,sst:0x01,,,
1747218394757,sd:null,,,
1747218394757,emergency:false,,,
1747218394757,address:10.45.0.9,,,
1747218394757,ambr:up[1000000Kb/s]down[1000000Kb/s],,,
1747218394757,data-pending:false,,,
1747218395780,session-type:IPv4,,,
1747218395780,apn:internet,,,
1747218395780,s-nssai:,,,
1747218395780,sst:0x01,,,
1747218395780,sd:null,,,
1747218395780,emergency:false,,,
1747218395780,address:10.45.0.9,,,
1747218395780,ambr:up[1000000Kb/s]down[1000000Kb/s],,,
1747218395780,data-pending:false,,,
1747218396804,session-type:IPv4,,,
1747218396804,apn:internet,,,
1747218396804,s-nssai:,,,
1747218396804,sst:0x01,,,
1747218396804,sd:null,,,
1747218396804,emergency:false,,,
1747218396804,address:10.45.0.9,,,
1747218396804,ambr:up[1000000Kb/s]down[1000000Kb/s],,,
1747218396804,data-pending:false,,,
1747218397827,session-type:IPv4,,,
1747218397827,apn:internet,,,
1747218397827,s-nssai:,,,
1747218397827,sst:0x01,,,
1747218397827,sd:null,,,
1747218397827,emergency:false,,,
1747218397827,address:10.45.0.9,,,
1747218397827,ambr:up[1000000Kb/s]down[1000000Kb/s],,,
1747218397827,data-pending:false,,,
1747218398856,session-type:IPv4,,,
1747218398856,apn:internet,,,
1747218398856,s-nssai:,,,
1747218398856,sst:0x01,,,
1747218398856,sd:null,,,
1747218398856,emergency:false,,,
1747218398856,address:10.45.0.9,,,
1747218398856,ambr:up[1000000Kb/s]down[1000000Kb/s],,,
1747218398856,data-pending:false,,,
1747218399880,session-type:IPv4,,,
1747218399880,apn:internet,,,
1747218399880,s-nssai:,,,
1747218399880,sst:0x01,,,
1747218399880,sd:null,,,
1747218399880,emergency:false,,,
1747218399880,address:10.45.0.9,,,
1747218399880,ambr:up[1000000Kb/s]down[1000000Kb/s],,,
1747218399880,data-pending:false,,,
1747218400902,session-type:IPv4,,,
1747218400902,apn:internet,,,
1747218400902,s-nssai:,,,
1747218400902,sst:0x01,,,
1747218400902,sd:null,,,
1747218400902,emergency:false,,,
1747218400902,address:10.45.0.9,,,
1747218400902,ambr:up[1000000Kb/s]down[1000000Kb/s],,,
1747218400902,data-pending:false,,,
1747218401925,session-type:IPv4,,,
1747218401925,apn:internet,,,
1747218401925,s-nssai:,,,
1747218401925,sst:0x01,,,
1747218401925,sd:null,,,
1747218401925,emergency:false,,,
1747218401925,address:10.45.0.9,,,
1747218401925,ambr:up[1000000Kb/s]down[1000000Kb/s],,,
1747218401925,data-pending:false,,,
